0,"Bonne Terre, MO"
1,"Seattle, Wash."
2,"Buena Park, Calif."
3,"Altamonte Springs, FL"
4,"Port Washington, N.Y."
5,"Somerset West, South Africa"
6,"Eden Prairie, Minn."
7,"St. Catharines, Ont., Canada"
8,"Cypress, TX"
9,-
10,"Miramar, Fla."
11,"Barnstable, MA"
12,"Eagle River, Alaska"
13,"Dover, NH"
14,"Olney, Md."
15,"Richmond, Va."
16,"Newton, Mass."
17,"Burke, VA"
18,"Dover, MA"
19,"Jericho, N.Y."
20,"Seattle, Wa."
21,"Clarkston, MI"
22,"Toronto, Ont."
23,"Petaluma, Calif."
24,"Whiteland, IN"
25,"Concord, Mass."
26,"Saratoga, CA"
27,"Auckland, New Zealand"
28,"Princeton, N.J."
29,"Longwood, FL"
30,"Alexandria, Va."
31,"Morgantown, W. Va."
32,"Skillman, NJ"
33,"Buffalo, NY"
34,"Houston, Texas"
35,"Eugene, OR"
36,"Wheaton, I.L."
37,"Brookline, Mass."
38,"Sevilla, Spain"
39,"Trujillo Alto, Puerto Rico"
40,"Potomac, Md."
41,"Rochester Hills, MI"
42,"Manorville, N.Y."
43,"Pikesville, Md."
44,"Oakland, Calif."
45,"Valparaiso, Ind."
46,"Mahopac, NY"
47,"Los Angeles, CA"
48,"Pittsburgh, Pa."
49,"Olathe, KS"
50,"Olive Branch, MS"
51,"San Juan Capistrano, CA"
52,"Redondo Beach, Calif."
53,"Manchester, Mass."
54,"Hockessin, Del."
55,"Westwood, Mass."
56,"Oceanside, CA"
57,"Chesterfield, MO"
58,"Pittsburgh, PA"
59,"Indianapolis, Ind."
60,"Ventura, Calif."
61,"Sonoma, Calif."
62,"Los Angeles, Calif."
63,"New York, NY"
64,"Madison, Ct"
65,"Glen Rock, N.J."
66,"Bakersfield, CA"
67,"Reno, NV"
68,"Green Bay, WI"
69,"Toms River, N.J."
70,"Brentwood, Tenn."
71,"Palo Alto, CA"
72,"Hinsdale, Ill."
73,"Kent, United Kingdom"
74,"Louisville, KY"
75,"Baudette, Minn."
76,"North Vancouver, B.C."
77,"Davis, Calif."
78,"Rancho Santa Fe, Calif."
79,"Des Moines, IA"
80,"Basking Ridge, N.J."
81,"San Francisco, Calif."
82,"Gilbert, Ariz."
83,"Ansonia, CT"
84,"Burlington, VT"
85,"East Greenbush, NY"
86,"Wilmette, Ill."
87,"Miami, Fla."
88,"East Greenwich, R.I."
89,"Norwell, MA"
90,"Morristown, N.J."
91,"Chevy Chase, Md."
92,"Kingwood, TX"
93,"Oxford, U.K."
94,"Orono, Minn."
95,"Lake Forest, Ill."
96,"New York, N.Y."
97,"Basking Ridge, NJ"
98,"Wilder, Ky."
99,"Miami, Florida"
100,"Shrub Oak, NY"
101,"Rock Island, IL"
102,"Pound Ridge, N.Y."
103,"Short Hills, N.J."
104,"Toronto, Canada"
105,"Birmingham, Mich."
106,"Dorchester, Mass."
107,"Valhalla, N.Y."
108,"Atlanta, GA"
109,"Guilford, CT"
110,"Radnor, Pa."
111,"North London, England"
112,"London, United Kingdom"
113,"Tampa, Fla."
114,"San Diego, Calif."
115,"Edina, Minn."
116,"Davie, FL"
117,"Danville, Va."
118,"Victoria, Australia"
119,Madrid
120,"Santa Margarita, CA"
121,"Clarksville, Md."
122,"Oyster Bay Cove, N.Y."
123,"Chesterton, Ind."
124,"Newtown, Pa."
125,"Riverton, N.J."
126,"Gates Mills, Ohio"
127,"West Hattiesburg, Miss."
128,"Gansevoort, NY"
129,"Grand Prairie, TX"
130,"Detroit, MI"
131,San Diego
132,"Troy, Mich."
133,"Naperville, Ill."
134,"Lansdale, Pa."
135,"Ann Arbor, Mich."
136,"San Mateo, Calif."
137,"The Woodlands, Texas"
138,"Stamford, CT"
139,"Evergreen, Colo."
140,"Richmond Hill, Ontario"
141,"Silverdale, Wash."
142,"Katy, Texas"
143,"Chico, Calif."
144,"Bethesda, MD"
145,"Germantown, MD"
146,"Lincoln, Neb."
147,"Amherst, MA"
148,"Austin, TX"
149,"Cerritos, Calif."
150,"Donkin, N.S."
151,"San Carlos, Calif."
152,"Wayne, N.J."
153,"Newtown Square, Pa."
154,"Orlando, FL"
155,"Philadelphia, Penn."
156,"Annapolis, Md."
157,"Monroe, Conn."
158,"Charlotte, N.C."
159,"Richmond, United Kingdom"
160,"Larchmont, N.Y."
161,"Boston, MA"
162,"Medfield, MA"
163,"East London, South Africa"
164,"John's Creek, Ga."
165,"Guilford, Conn."
166,"Portage, Mich."
167,"West Palm Beach, FL"
168,"Trophy Club, TX"
169,"Clemson, S.C."
170,"St. Louis Park, MN"
171,"Chattanooga, Tenn."
172,"Marietta, Ga."
173,"Wenonah, NJ"
174,"Clifton, N.J."
175,"Kinnelon, N.J."
176,"Beaumont, TX"
177,"West Harrison, N.Y."
178,"McLean, Va."
179,"Highland Park, IL"
180,"Gales Ferry, Conn."
181,"Wexford, PA"
182,"Mission Hills, Kan."
183,"Weston, Fl."
184,"Allendale, N.J."
185,"Lake Oswego, OR"
186,"Dunkirk, Md."
187,"Peachtree City, GA"
188,"Mendham, N.J."
189,"Marblehead, Mass."
190,"Glen Ellyn, IL"
191,"Lake Forest, IL"
192,"Hendersonville, TN"
193,"Bloomfield Hills, MI"
194,"Kingsport, TN"
195,"Detroit, Mich."
196,"New Braunfels, TX"
197,"Ladera Ranch, Calif."
198,"Bloomingdale, N.J."
199,"Minneapolis, MN"
200,"Cheswick, Pa."
201,"Winnetka, IL"
202,"Bend, OR"
203,"Hudson, OH"
204,"Mercer Island, Wash."
205,"Washington Crossing, Penn."
206,"Irvine, Calif."
207,"South Barrington, Ill."
208,"Brisbane, Australia"
209,"Philadelphia, Pa."
210,"Elkhorn, Neb."
211,"Marriotsville, Md."
212,"Greenwich, Conn."
213,"Colts Neck, N.J."
214,"Indianapolis, IN"
215,"Malvern, PA"
216,"Nashua, N.H."
217,"Fenton, Mich."
218,"Lexington, MA"
219,"Glen Mills, Pa."
220,"Washington, D.C."
221,"Olympia, Wash."
222,"Boise, ID"
223,"Auburn, ME"
224,"Silver Spring, MD"
225,"Woodbridge, Conn."
226,"Brooklyn, N.Y."
227,"Tulsa, OK"
228,"Nashville, Tenn."
229,"Deerfield, Ill."
230,"Valrico, Fla."
231,"Lorton, Va."
232,"Upper St. Clair, PA"
233,"Wexford, Pa."
234,"Jupiter, Fla."
235,"Cromwell, CT"
236,"Kensington, CT"
237,"Burr Ridge, IL"
238,"Ile Cadieux, Quebec"
239,"Mineola, N.Y."
240,"Buffalo, N.Y."
241,"Alpharetta, GA"
242,"Atlanta, Ga."
243,"Fayetteville, NY"
244,"Carol Stream, Ill."
245,"Rochester, N.Y."
246,"Cambridge, New Zealand"
247,"Mumbai, India"
248,"Darien, Conn."
249,"Missoula, MT"
250,"Upperco, Md."
251,"Ashley Falls, Mass."
252,"Cranbury, N.J."
253,"Lutherville, MD"
254,"Freeport, N.Y."
255,"Hillsborough, N.J."
256,"Joliet, Ill."
257,"Newark, N.J."
258,"Rye, N.Y."
259,"Paoli, Pa."
260,"New Milford, Conn."
261,"Chatham, N.J."
262,"Elk Grove Village, IL"
263,"Baltimore, Md."
264,"Mobile, AL"
265,"Urbana, Ill."
266,"Tenafly, N.J."
267,"Dallas, TX"
268,"Vernon Hills, IL"
269,"Cambridge, Mass."
270,"Mississauga, Ont."
271,"Santa Monica, CA"
272,"Vero Beach, FL"
273,"El Dorado Hills, Calif."
274,"Williamston, Mich."
275,"Pinehurst, N.C."
276,"Temecula, CA"
277,"Haddonfield, N.J."
278,"West Chester, Pa."
279,"Jacksonville, Fla."
280,"Palos Verdes, Calif."
281,"Santa Barbara, CA"
282,"Bridgewater, N.J."
283,"Altadena, CA"
284,"Boulder, Colorado"
285,"Istanbul, Turkey"
286,"St. Louis, Mo."
287,"Nashville, TN"
288,"Offa Kwara State, Nigeria"
289,"Bronx, NY"
290,"Mount Prospect, Ill."
291,"Scarsdale, N.Y."
292,"Lakewood, WA"
293,"Mequon, WI"
294,"Oconomowoc, WI"
295,"Lawrenceville, NJ"
296,"Midland, TX"
297,"Charlotte, NC"
298,"Oak Park, IL"
299,"Worthington, Ohio"
300,"Newberry, Fla."
301,"Potomac, MD"
302,"Reno, Nev."
303,"Edina, MN"
304,"Macedon, NY"
305,"Blue Bell, PA"
306,"La Jolla, Calif."
307,"Grand Ledge, MI"
308,"Christchurch, New Zealand"
309,"Gladwyne, Pa."
310,"Rydal, PA"
311,"Montreal, Que."
312,"Wayne, Pa."
313,"Armonk, NY"
314,"Waban, Mass."
315,"Wayzata, Minn."
316,"Sugarland, Texas"
317,"Groton, CT"
318,"Seattle, WA"
319,"Hanson, MA"
320,"Boca Raton, FL"
321,"Newport Beach, Calif."
322,"Glen Head, N.Y."
323,"Mansfield, TX"
324,"Laguna Beach, Calif."
325,"Sammamish, Wash."
326,"Jackson, Mo."
327,"Franklin, TN"
328,"North Potomac, Md."
329,"Acton, MA"
330,"Greenwood Village, CO"
331,"Belgrade, Serbia"
332,"Oakland, ME"
333,"Mount Kisco, NY"
334,"Toronto, ONT"
335,"Montgomery, TX"
336,"State College, PA"
337,"Ann Arbor, MI"
338,"Weston, Mass."
339,"Chapin, SC"
340,"Columbia, MD"
341,"Hanson, Mass."
342,"Wantagh, NY"
343,"Northbrook, IL"
344,"Homestead, FL"
345,"Allentown, PA"
346,"Chatsworth, CA"
347,"Bridgeport, CT"
348,Singapore
349,"Spokane, Wash."
350,"Point Lookout, N.Y."
351,"Garden City, N.Y."
352,"Merrick, N.Y."
353,"Loudonville, NY"
354,"Glen Rock, NJ"
355,"Nanaimo, BC"
356,"Vienna, Va."
357,"Saskatoon, SK"
358,"Orange, CT"
359,"Westford, Mass."
360,"Mesa, AZ"
361,"Clifton, VA"
362,"Centerville, Ohio"
363,"Waccabuc, N.Y."
364,"Woodbury, NY"
365,"Marlboro, MA"
366,"Yardley, PA"
367,"Garden City, NY"
368,"LaVerne,  CA"
369,"Lima, OH"
370,"Fremont, Ca."
371,"Mount Lebanon, PA"
372,"San Jose, Calif."
373,"Fairlawn, Ohio"
374,"Ridgefield, CT"
375,"Houston, TX"
376,"Pacific Palisades, Calif."
377,"Flower Mound, Texas"
378,"Boca Raton, Fla."
379,"Newton, MA"
380,"Devon, Pa."
381,"South Holland, Ill."
382,"Glenview, Ill."
383,"West Grove, PA"
384,"Wading River, N.Y."
385,"Berlin, CT"
386,"Sunrise, Fla."
387,"Maple Grove, Minn."
388,"Olathe, Kan."
389,"Rindge, NH"
390,"Downingtown, PA"
391,"Mansfield, OH"
392,"Wayland, Mass."
393,"Bronxville, N.Y."
394,"Dallas, Texas"
395,"Doylestown, PA"
396,"Zagreb, Croatia"
397,"Derry, NH"
398,"Voorhees, N.J."
399,"Hopewell Junction, N.Y."
400,"Holland, MI"
401,"Bedford, NH"
402,"Geyserville, CA"
403,"Brimingham, Mich."
404,"Ashtabula, OH"
405,"Manhattan Beach, Calif."
406,"Carrollton, TX"
407,"Wallingford, CT"
408,"Pittsfield, MA"
409,"Roswell, GA"
410,"Raytown, MO"
411,"Port Angeles, Wash."
412,"West Orange, NJ"
413,"Ogdensburg, N.J."
414,"Wichita, Kans."
415,"Sandy, UT"
416,"Summit, N.J."
417,"Philadelphia, P.A."
418,"Fort Wayne, Ind."
419,"Manchester, Me."
420,"Phoenix, AZ"
421,"Flemington, N.J."
422,"Weston, Conn."
423,"Redmond, WA"
424,"Los Altos, Calif."
425,"Glencoe, Ill."
426,"Bothell, Wash."
427,"Bethesda, Maryland"
428,"Newnan, GA"
429,"Vienna, VA"
430,"Long Grove, IL"
431,"Salem, OR"
432,"Stockholm, Sweden"
433,"Santa Monica, Calif."
434,"Red Deer, Alta."
435,"Longwood, Fla."
436,"Berkeley, Calif."
437,"Exeter, N.H."
438,"Pleasantton, CA"
439,"Albuquerque, NM"
440,"Oceanport, N.J."
441,"Tucson, Ariz."
442,"Orinda, Calif."
443,"Davidsonville, Md."
444,"Mountain Lakes, N.J."
445,"Harvard, Mass."
446,"Dublin, Ireland"
447,"Woodstock, Conn."
448,"Darien, CT"
449,"Cupertino, Calif."
450,"Fairfax Station, VA"
451,"Bow Island, AB"
452,"Naples, Fla."
453,"Palos Verdes, Ca."
454,"Savannah, Ga."
455,"New Haven, CT"
456,"Palo Alto, Calif."
457,"Cincinnati, OH"
458,"Grosse Pointe, Mich."
459,"Newbury Park, CA"
460,"Southlake, Texas"
461,"Fredericton, New Brunswick, Canada"
462,"Lakeland, Fla."
463,"New Haven, Conn."
464,"Charlottesville, VA"
465,"Westmount, Quebec"
466,"Chestnut Hill, Mass."
467,"Cazenovia, NY"
468,"Essex, Conn."
469,"Bedminster, N.J."
470,"Manhasset, N.Y."
471,"Penang, Malaysia"
472,"Marietta, GA"
473,"Folsom, Calif."
474,"Agoura Hills, Calif."
475,"Spruce Grove, AB"
476,"Hempfield, Pa."
477,"Littleton, CO"
478,"Medina, MN"
479,"Woodinville, W.A."
480,"Glen Ellyn, Ill."
481,"Shaker Heights, OH"
482,"Cutler Bay, FL"
483,"Portland, OR"
484,"Wyckoff, NJ"
485,"Wayzata, Minnesota"
486,"Greenwich, CT"
487,"Mound, MN"
488,"Newbury, United Kingdom"
489,"Metuchen, NJ"
490,"Venice, CA"
491,"Seer Green, U.K."
492,"New Bern, N.C."
493,"Montclair, N.J."
494,"Lake Forest, Calif."
495,"Westlake, Texas"
496,"Longmeadow, MA"
497,"East Northport, N.Y."
498,"Boston, Mass."
499,"Beijing, China"
500,"Adelaide, Australia"
501,"Vernon Hills, Ill."
502,"Rolla, MO"
503,"Great Falls, VA"
504,"South Orange, NJ"
505,"San Francisco, CA"
506,"Grahamstown, South Africa"
507,"Wayne, NJ"
508,"North Andover, Mass."
509,"Kenilworth, Ill."
510,"Bronxville, NY"
511,"Burlingame, CA"
512,"Massapequa, NY"
513,"Suffern, N.Y."
514,"Nazareth, PA"
515,"Highland Beach, Fla."
516,"Laguna Niguel, Calif."
517,"Tallmadge, Ohio"
518,"Easton, CT"
519,"Smithville, Ga."
520,"Belle Meade, N.J."
521,"Costa Mesa, Calif."
522,"Midlothian, VA"
523,"Bergenfield, NJ"
524,"McCordsville, Ind."
525,"McLean, VA"
526,"Signal Mt., TN"
527,"Wayne, PA"
528,"Bernardsville, N.J."
529,"Hartford, CT"
530,"Harvard, MA"
531,"Magnolia, TX"
532,"Honolulu, HI"
533,"Corte Madera, Calif."
534,"Locust Valley, NY"
535,"Windham, NH"
536,"Monterey Park, CA"
537,"Avon, OH"
538,"Washoe Valley, Nev."
539,"Abington, Pa."
540,"Holbrook, N.Y."
541,"Lynnfield, Mass."
542,"Warren, N.J."
543,"Glendora, Calif."
544,"Rye, NY"
545,"Duluth, GA"
546,"Great Falls, Va."
547,"San Diego, CA"
548,"Highland Heights, Ohio"
549,"Flower Mound, TX"
550,"Saratoga, Calif."
551,Blacksburg Va.
552,"Honolulu, Hawaii"
553,"Ashville, OH"
554,"San Mateo, CA"
555,"Mississauga, ON"
556,"Harlingen, TX"
557,"Berlin, Germany"
558,"Metairie, LA"
559,"Colchester, CT"
560,"Plano, TX"
561,"Fayetteville, Ga."
562,"Richardson, TX"
563,"Amherst, NH"
564,"Chicago, IL"
565,"Cornelius, N.C."
566,"Ft. Lauderdale, FL"
567,"Coeur d'Alene, ID"
568,"Morrilton, AR"
569,"Cincinatti, Ohio"
570,"Falmouth, MA"
571,"Culver, IN"
572,"Calgary, Alberta"
573,"Eastport, N.Y."
574,"Sarasota, FL"
575,"Minneapolis, Minn."
576,"Oreland, Pa."
577,"Oakton, VA"
578,"San Antonio, TX"
579,"Winnetka, Ill."
580,"St. Charles, IL"
581,"Skaneateles, N.Y."
582,"Cary, NC"
583,"Wilmington, DE"
584,"Floutown, PA"
585,"Wyndmoor, Pa."
586,"Forest Lake, Minn."
587,"Springfield, IL"
588,"China Township, MI"
589,"Old Lyme, CT"
590,"Wooster, OH"
591,"Tucson, Ari."
592,"Kaneohe, HI"
593,"Winchester, Mass."
594,"Davie, Fla."
595,"Huntington, N.Y."
596,"Holland, Pa."
597,"Joliet, IL"
598,"Boynton Beach, Fla."
599,"Wilmette, IL"
600,"Fremont, CA"
601,"Sacramento, Calif."
602,"Chandler, AZ"
603,"Yuma, AZ"
604,"Wellesley, Mass."
605,"Brooklandville, MD"
606,"Ridgewood, NJ"
607,"Cabot, Vt."
608,"North Wall, N.J."
609,"Lake Zurich, IL"
610,"Edison, NJ"
611,"Elmhurst, IL"
612,"Flanders, N.J."
613,"Hingham, Mass."
614,"Rockville, Md."
615,"Pharr, Texas"
616,"Manalapan, NJ"
617,"Del Mar, Calif."
618,"Arlington, Mass."
619,"Atherton, Calif."
620,"Baton Rouge, LA"
621,"Omaha, Neb."
622,"Niagara-on-the-Lake, Canada"
623,"Bethesda, Md."
624,"Tujunja, Calif."
625,"Orlando, Fl."
626,"Catonsvillle, Md."
627,"Melrose, Mass."
628,"Chapel Hill, N.C."
629,"Round Lake Center, Ont."
630,"Phoenix, Az."
631,"North Haven, CT"
632,"Lafayette, CA"
633,"Alexandria, VA"
634,"Grennwich, Conn."
635,"Pittsford, N.Y."
636,"Naperville, IL"
637,"Northport, N.Y."
638,"Arlington, Va."
639,"Chattanooga, TN"
640,"Sudbury, Mass."
641,"Worcester, Mass."
642,"Clinton, TN"
643,"Lexington, Ky."
644,"Knoxville, TN"
645,"Newtown Square, PA"
646,"Granger, Ind."
647,"Hamden, Conn."
648,"Minocqua, W.I."
649,"Saratoga Springs, N.Y."
650,"Hamburg, Germany"
651,"Germantown, Maryland"
652,"Hanover, NH"
653,"Greenlawn, NY"
654,"Hillsborough, Calif."
655,"Walnut, Calif."
656,"Randolph, N.J."
657,"Orangeville, Ont."
658,"Constantia, NY"
659,"Prosper, TX"
660,"Grand Rapids, MI"
661,"E. Northport, N.Y."
662,"Spring, TX"
663,"Shreveport, LA"
664,"Cheyenne, WY"
665,"Stellenbosch, South Africa"
666,"Piedmont, Ca."
667,"Mount Pleasant, S.C."
668,"Nantucket, Mass."
669,"Hong Kong, China"
670,"Asheville, NC"
671,"Santa Barbara, Calif."
672,"Fort Washington, Pa."
673,"New Fairfield, CT"
674,"Wagga Wagga, Australia"
675,"Upper Saddle River, NJ"
676,"San Anselmo, Calif."
677,"Henrico, Va."
678,"Phoenix, Ariz."
679,"Fair Haven, N.J."
680,"Plano, Texas"
681,"Albany, GA"
682,"Scottsdale, AZ"
683,"Nassau, Bahamas"
684,"Honolulu, H.I."
685,"Plantation, FL"
686,"Lincoln, R.I."
687,"Sparta, N.J."
688,"Portland, Ore."
689,"Massapequa, N.Y."
690,"Aiken, S.C."
691,"Malibu, Calif."
692,"Elk Grove, CA"
693,"Milford, Conn."
694,"Fairfield, CT"
695,"Medicine Hat, Alta."
696,"Belmont Hill, Mass."
697,"West Caldwell, N.J."
698,"Lakewood, CA"
699,"Willington, CT"
700,"Eugene, Ore."
701,"Rochester, NY"
702,"Hopewell, N.J."
703,"Malibu, CA"
704,"Anaheim Hills, Calif."
705,"Berwyn, PA"
706,"Dedham, Mass."
707,"San Marino, CA"
708,"Tulsa, Okla."
709,"Danbury, CT"
710,"Chicago, Ill."
711,"Hilton Head Island, SC"
712,"Dayton, Ohio"
713,"Grosse Pointe Woods, MI"
714,"Rhinebeck, N.Y."
715,"Bryn Mawr, Pa."
716,"Palatin, Ill."
717,"Swarthmore, PA"
718,"Mercer Island, WA"
719,"Zurich, Switzerland"
720,"Lakewood, Colo."
721,"Spokane, WA"
722,"Cardiff, Wales"
723,"Laissaud, France"
724,"Alta Loma, CA"
725,"Salisbury, Conn."
726,"Edmonds, Wash."
727,"Avon, Conn."
728,"Louisville, Colo."
729,"Clearwater, Fla."
730,"Malvern, Pa."
731,"Laytonsville, Md."
732,"Evanston, IL"
733,"North Pomfret, Vt."
734,"Waterford, CT"
735,"Berlin, Md."
736,"Grasonville, Md."
737,"Cleveland Heights, Ohio"
738,"Nolensville, Tenn."
739,"Grosse Pointe Park, Mich."
740,"Lancaster, PA"
741,"Calgary, Alta."
742,"Madison, N.J."
743,"Wilmington, Del."
744,"Brooklyn Heights, N.Y."
745,"Danville, CA"
746,"Pelham, N.H."
747,"Palos Verdes, CA"
748,"Hurley, N.Y."
749,"Martinsville, N.J."
750,"Oak Park, Ill."
751,"Homesdale, PA"
752,"Angelholm, Sweden"
753,"Saint Charles, Ill."
754,"Bow, WA"
755,"Overland Park, Kan."
756,"Stafford, Va."
757,"Floral Park, NY"
758,"Ascot, England"
759,"Blaine, Wash."
760,"Westborough, Mass."
761,"Providence, R.I."
762,"Piedmont, CA"
763,"Harwood, MD"
764,"Madison, WI"
765,"Finksburg, MD"
766,"Rapid City, South Dakota"
767,"Beverly Hills, Calif."
768,"Uniondale, NY"
769,"Columbus, NJ"
770,"Cincinnati, Ohio"
771,"Thiensville, Wis."
772,"Andover, MA"
773,"La Canada, CA"
774,"Kutztown, Pa."
775,"Portola Valley, Calif."
776,"Chatham, NJ"
777,"Anchorage, Alaska"
778,"Monroe, CT"
779,"Perkiomenville, Pa."
780,"Anchorage, AK"
781,"Encinitas, CA"
782,"Menlo Park, CA"
783,"Parker, Colo."
784,"Phoenix, Md."
785,"Ocean View, NJ"
786,"Trabuco Canyon, Calif."
787,"Keene, N.H."
788,"Andover, Mass."
789,"Elizabethton, TN"
790,"Stouffville, ONT"
791,"Pasadena, CA"
792,"Orange County, Calif."
793,"Union, NJ"
794,"Candia, N.H."
795,"Ardsley, N.Y."
796,"Columbia, S.C."
797,"Moscow, Russia"
798,"La Habra Heights, Calif."
799,London
800,"St. Louis, MO"
801,"London, England"
802,"Pymble, Australia"
803,"Dix Hills, N.Y."
804,"Germantown, Md."
805,"Santa Rosa, CA"
806,"Ronkonkoma, N.Y."
807,"San Clemente, CA"
808,"South Hamilton, Mass."
809,"Bloomfield, CT"
810,Los Angeles
811,"Hurst, Texas"
812,"Beaver Dam, WI"
813,"Belmont, Mass."
814,"Rumson, N.J."
815,"Northbrook, Ill."
816,"Truckee, Calif."
817,"Mill Valley, CA"
818,"Bloomington, Ind."
819,"Colorado Springs, CO"
820,"Newport Coast, CA"
821,"Lakewood, OH"
822,"La Honda, CA"
823,"Yatesbury, England"
824,"Almonte, Ont."
825,"Dartmouth, Mass."
826,"Bellaire, TX"
827,"Wilton, Conn."
828,"Stony Brook, N.Y."
829,"New South Wales, Australia"
830,"Lake Bluff, IL"
831,"Bow, N.H."
832,"Miami, FL"
833,"Clayton, Calif."
834,"Astoria, NY"
835,"Littleton, Colo."
836,"Blue Bell, Pa."
837,"Waterford, Pa."
838,"St. Thomas, VI"
839,"Norfolk, Va."
840,"Princeton Jct, NJ"
841,"Fresno, CA"
842,"Owensboro, KY"
843,"Orlando, Fla."
844,"Shreveport, La."
845,"Moorestown, NJ"
846,"Maitland, Fla."
847,"Toledo, OH"
848,"Granada Hills, Calif."
849,"Rolling Hills Estates, Calif."
850,"Colchester, Vt."
851,"Dedham, MA"
852,"Nobleton, Ont."
853,"Örnsköldsvik, Sweden"
854,"Needham, Mass."
855,"Anacortes, WA"
856,"Edmond, Okla."
857,"Bay Village, OH"
858,"Weidman, Mich."
859,"Clyde Hill, WA"
860,"Nottingham, England"
861,"Long Beach, Calif."
862,"Rotorua, New Zealand"
863,"Greenville, S.C."
864,"Woodside, Calif."
865,"Woodway, WA"
866,"Monroe, Wash."
867,"Los Gatos, Calif."
868,"Gothenburg, Sweden"
869,"Munich, Germany"
870,"Bedford Hills, N.Y."
871,"New Canaan, Conn."
872,"Dover, Mass."
873,"Sudbury, MA"
874,"Stillwater, MN"
875,"Riverside, CA"
876,"Glastonbury, England"
877,"Newport Beach, CA"
878,"Upper Montclair, N.J."
879,"Portage, MI"
880,"Bridgend, Wales"
881,"North Canton, OH"
882,"St. Thomas, USVI"
883,"Lewiston, N.Y."
884,"Maineville, Ohio"
885,"Rutland, VT"
886,"Winnipeg, MAN"
887,"Hudson, N.H."
888,Washington D.C.
889,"Cromwell, Conn."
890,"Guernsey, U.K."
891,"Kingwood, Tex."
892,"Zionsville, Ind."
893,"Westlake Village, Calif"
894,"New London, CT"
895,"Irving, TX"
896,"Westport, Conn."
897,"Fairfax, VA"
898,"St. Paul, MN"
899,"Manhasset, NY"
900,"Brentwood, TN"
901,"Germantown, WI"
902,"Chester, United Kingdom"
903,"Saint Paul, MN"
904,"Downingtown, Pa."
905,"Virginia Beach, Va."
906,"Thousand Oaks, CA"
907,"London, Ont."
908,"Park City, UT"
909,"Bothell, WA"
910,"Pacific Palisades, CA"
911,"Ooltewah, Tenn."
912,"Baltimore, MD"
913,"Moore, OK"
914,"Etna, N.H."
915,"Pine Beach, N.J."
916,"Bloomington, Minn."
917,"Richmond, MI"
918,San Francisco
919,"Irvine, CA"
920,"Laguna Niguel, CA"
921,"Marshall Township, PA"
922,"Coppell, TX"
923,"Aurora, CO"
924,"Glenn Dale, MD"
925,"Montreal, Qué."
926,"Halifax, Nova Scotia"
927,"Huntington Bay, N.Y."
928,"Minnetonka, Minn."
929,"Ravenna, OH"
930,"Dublin, OH"
931,"Vero Beach, Fla."
932,"Germantown, TN"
933,"Philadelphia, PA"
934,"San Rafael, CA"
935,"Sanpoint, ID"
936,"Tiburon, California"
937,"Ridgefield, Conn."
938,"Renton, WA"
939,"Federal Way, WA"
940,"Colorado Springs, Colo."
941,"Grosse Pointe Woods, Mich."
942,"Scarsdale, NY"
943,"Seoul, South Korea"
944,"Mystic, Conn."
945,"Weston, CT"
946,"Hartland, WI"
947,"Palatine, Ill."
948,"Melbourne, Australia"
949,"Los Angeles, Ca"
950,"Wilbraham, Mass."
951,"Healdsburg, Calif."
952,"Long Beach, CA"
953,"La Mirada, Calif."
954,"Winthrop, Mass."
955,"Mission Woods, Kan."
956,"Inglewood, Calif."
957,"Manlius, NY"
958,"Alpine, UT"
959,"Englewood, CO"
960,"Abingdon, Va."
961,"Greenbrae, CA"
962,"Bellflower, CA"
963,"Corvallis, OR"
964,"Gary, IN"
965,"Makawao, Hawaii"
966,"Unionville, CT"
967,"Solon, OH"
968,"Suffern, NY"
969,"Sunset Hills, MO"
970,"Walled Lake, MI"
971,"Montgomery, AL"
972,South Korea
973,"Port Coquitlam, B.C."
974,"New Hope, PA"
975,"Lethbridge, AB"
976,"Garden Prairie, IL"
977,"McDonald, PA"
978,"Greensburg, PA"
979,"Westfield, NJ"
980,"Farmington, Conn."
981,"Suwanee, GA"
982,"St. Albert, Alta."
983,"Winchester, MA"
984,"Owings Mills, Md."
985,"Ottawa, Ont."
986,"Dillsburg, Pa."
987,"Thousand Oaks, Calif."
988,"San Francisco, C.A."
989,"Woodmere, N.Y."
990,"Wellesley Hills, Mass."
991,"Stow, MA"
992,"Pleasanton, CA"
993,"Highland Park, N.J."
994,"Rockford, IL"
995,"Scotch Plains, NJ"
996,"Old Westbury, NY"
997,"South Orange, N.J."
998,"Brampton, Ont."
999,"Berkeley, CA"
1000,"Dresher, Pa."
1001,"Alpharetta, Ga."
1002,"North Palm Beach, FL"
1003,"Ames, IA"
1004,"Decatur, IL"
1005,"Salt Lake City, UT"
1006,"South Gate, CA"
1007,"Weston, MA"
1008,"North Reading, Mass."
1009,"Bangkok, Thailand"
1010,"Tampa, FL"
1011,"Dayton, OH"
1012,"Jacksonville, FL"
1013,"Hutchinson, Kan."
1014,"Ellicott City, Md."
1015,"Holmdel, NJ"
1016,"Chino Hills, CA"
1017,"Jamison, Pa."
1018,"Edinburg, TX"
1019,"Pottensville, MO"
1020,"Darien, IL"
1021,"Libertyville, IL"
1022,"Frisco, TX"
1023,New York
1024,"Sayville, N.Y."
1025,"Durham, N.C."
1026,"Virginia Beach, VA"
1027,"Centennial, CO"
1028,"Rockville, MD"
1029,"Clifton, NJ"
1030,"Collegeville, Pa."
1031,"Herndon, VA"
1032,"Oreland, PA"
1033,"Shrewsbury, MA"
1034,"Westport, CT"
1035,"New Vernon, NJ"
1036,"Twinsburg, OH"
1037,"Bellevue, WA"
1038,"Saint James, NY"
1039,"Wellesley, MA"
1040,"Lincolnshire, Ill."
1041,"Medford, N.J."
1042,"Hanlontown, IA"
1043,"Shelbyville, Ky."
1044,"East Hampstead, N.H."
1045,"Island Heights, N.J."
1046,"Golden Valley, MN"
1047,"Avon Lake, OH"
1048,"Smithtown, New York"
1049,"Kansas City, Mo."
1050,"Plymouth, Pa."
1051,"Hamden, CT"
1052,"Islip, N.Y."
1053,"Belfast, Ireland"
1054,"Tempe, AZ"
1055,"Surrey, England"
1056,"St. Lousi, Mo."
1057,"Hinsdale, IL"
1058,"Southbury, CT"
1059,"Plymouth, MN"
1060,"Johannesburg, South Africa"
1061,"Wauwatosa, WI"
1062,"Wethersfield, CT"
1063,"Raanana, Israel"
1064,Hong Kong
1065,"Hopkinton, MA"
1066,"West Islip, NY"
1067,"Wyoming, Ohio"
1068,"Amherst, Mass."
1069,"Rancho Palos Verdes, CA"
1070,"Ramsey, Minn."
1071,"Orland Park, IL"
1072,"Bloomington, IN"
1073,"Folsom, CA"
1074,"Kansas City, MO"
1075,"Colleyville, TX"
1076,"San Juan, Puerto Rico"
1077,"Arlington Heights, Ill."
1078,"Oakton, Va."
1079,"Gaithersburg, MD"
1080,"Brooklyn, NY"
1081,"Avon, CT"
1082,"Slate Hill, NY"
1083,"Cambridge, Ma."
1084,"New Berlin, WI"
1085,"Waterloo, Belgium"
1086,"Fort Collins, CO"
1087,"Zebulon, NC"
1088,"Laguna Hills, CA"
1089,Orlando FL
1090,"Ayr, Scotland"
1091,"Milbrae, Calif."
1092,"Pinole, Calif."
1093,"Fairfax, Va."
1094,"Fayetteville, NC"
1095,"Robbinsville, N.J."
1096,"Tenafly, NJ"
1097,"Middlesex, UK"
1098,"Bryn Mawr, PA"
1099,"Essex Fells, N.J."
1100,"Shanghai, China"
1101,"Pierrefond, Qué."
1102,"Valdosta, GA"
1103,"Arlington Heights, IL"
1104,"Ottawa, ONT"
1105,"Somerset, NJ"
1106,"LaVale, MD"
1107,"Takoma Park, Md."
1108,"Summit, NJ"
1109,"Plainfield, NJ"
1110,"Kings Park, NY"
1111,"Cold Spring Harbor, N.Y."
1112,"Stevenson Ranch, Calif."
1113,"Ipoh, Malaysia"
1114,"Petaluma, CA"
1115,"Lakewood, CO"
1116,"Berwyn, Pa."
1117,"Yorba Linda, Calif."
1118,"Chappaqua, N.Y."
1119,"Woodbridge, CT"
1120,"New Hope, Pa."
1121,"Birmingham, MI"
1122,"Olivenhain, Calif."
1123,"Lancaster, Pa."
1124,"Sarasota, Fla."
1125,"Wilton, CT"
1126,"King City, Ont."
1127,"Clare, Ireland"
1128,"Woodbridge, C.T."
1129,"London, U.K."
1130,"Pepperell, Mass."
1131,"Winston-Salem, N.C."
1132,"Pelham, N.Y."
1133,"Gastonia, NC"
1134,"Fontainebleu, France"
1135,"Mill Valley, Calif."
1136,"Clermont, Fla."
1137,"Hackensack, N.J."
1138,"Washington, DC"
1139,"Bonsall, CA"
1140,"Hershey, Pa."
1141,"Morton Grove, IL"
1142,"Austin, Texas"
1143,"Duxbury, Mass."
1144,"Briarcliff Manor, NY"
1145,"Montauk, N.Y."
1146,"Vancouver, WA"
1147,"Yokohama, Japan"
1148,"Trumbull, CT"
1149,"La Mirada, CA"
1150,"Hacienda Heights, CA"
1151,"Sewickley, Pa."
1152,"Moraga, Calif."
1153,"Bel Air, MD"
1154,"Corrales, N.M."
1155,"Lloyd Harbor, N.Y."
1156,"Roseville, CA"
1157,"Redlands, CA"
1158,"Playa del Rey, Calif."
1159,"Littleton, Mass."
1160,"Yardley, Pa."
1161,"Sunnyvale, Calif."
1162,"West Bloomfield, Mich."
1163,"Auburn, KS"
1164,"Minocqua, WI"
1165,"Mahwah, NJ"
1166,"Ronkonkoma, NY"
1167,"Fort Myers, Fla."
1168,"Radnor, PA"
1169,"Cardiff, Calif."
1170,"Columbia, Md."
1171,"Flanders, NJ"
1172,"Rockville Centre, N.Y."
1173,"Marriottsville, Md."
1174,"North Haven, Conn."
1175,"Cranford, N.J."
1176,"Wall, N.J."
1177,"North Andover, MA"
1178,"Hatfield, Pa."
1179,"Niskayuna, N.Y."
1180,"Fruitvale, BC"
1181,"West Bloomfield, MI"
1182,"Chester, NJ"
1183,"Farmington, CT"
1184,"Onoway, AB"
1185,"Lakeland, FL"
1186,"Gadsden, AL"
1187,"Inglewood, CA"
1188,"Newcastle, U.K."
1189,"Okemos, MI"
1190,"Edmonton, Alta."
1191,"Selinsgrove, Pa."
1192,"Stamford, Conn."
1193,"New Vernon, N.J."
1194,"Kaneole, HI"
1195,"Whitby, Ont."
1196,"N. Vancouver, BC"
1197,"Port St. Joe, FL"
1198,"Watertown, Conn."
1199,"Ashburn, Va."
1200,"North Branford, Conn."
1201,"Staten Island, NY"
1202,"Marysville, Mich."
1203,"Claremont, Calif."
1204,"Mamaroneck, N.Y."
1205,"Deer Park, NY"
1206,"Holladay, UT"
1207,Slate Hill NY
1208,"St. Charles, Ill."
1209,"Oradell, NJ"
1210,"Orland Park, Ill."
1211,"Allamuchy, N.J."
1212,"Pompton Plains, NJ"
1213,"Richmond, VA"
1214,"Ferndale, WA"
1215,"Burlington, Ont."
1216,"Stratford, CT"
1217,"Burbank, Calif."
1218,"Los Altos, CA"
1219,"Fort Worth, Texas"
1220,"Whitefish Bay, WI"
1221,"Lino Lakes, Minn."
1222,"Chesterfield, Mo."
1223,"Redwood City, CA"
1224,"Battle Creek, MI"
1225,"Cherry Hill, N.J."
1226,"Omaha, NE"
1227,"Ft. Washington, PA"
1228,"Humble, TX"
1229,"Kenilworth, IL"
1230,"Sewickley, PA"
1231,"Bellingham, WA"
1232,"Princeton, NJ"
1233,"Cupertino, CA"
1234,"Cos Cob, Conn."
1235,"Easton, PA"
1236,"Highland Park, Ill."
1237,"Franklin, OH"
1238,"Weston, FL"
1239,"Monterey, CA"
1240,"Davidsonville, MD"
1241,"Camarillo, CA"
1242,"Springfield, Va."
1243,"Sofia, Bulgaria"
1244,"Edmonton, Alberta, Canada"
1245,"Boulder, Colo."
1246,"Harrison, N.Y."
1247,"Sherborn, Mass."
1248,"River Edge, N.J."
1249,"Bernardsville, NJ"
1250,"Las Vegas, NV"
1251,"Lincoln, MA"
1252,"Lawrenceville, N.J."
1253,"Cary, Ill."
1254,"Murrieta, Calif."
1255,"Mukilteo, WA"
1256,"Marlboro, N.J."
1257,"Encino, CA"
1258,"Columbus, OH"
1259,"Princeton Junction, NJ"
1260,"Madera, CA"
1261,"Milwaukee, WI"
1262,"Madison, CT"
1263,Woodland Hills CA
1264,"Leeds, MA"
1265,"Medfield, Mass."
1266,"Syosset, NY"
1267,"Southlake, TX"
1268,"Newcastle, England"
1269,"Wyndemoor, Pa."
1270,"Duxbury, MA"
1271,"Portola Valley, CA"
1272,"Markham, Ont."
1273,"Mattapoisett, Mass."
1274,"La Cañada, Calif."
1275,"Plantation, Fla."
1276,"Parker, CO"
1277,"Encinitas, Calif."
1278,"Rocklin, Calif."
1279,"Croton on Hudson, N.Y."
1280,"Spring City, Penn."
1281,"Greensboro, N.C."
1282,"East Setauket, NY"
1283,"Barrington, R.I."
1284,"Derbyshire, U.K."
1285,"Croton On Hudson, N.Y."
1286,Cold Spring Harbor
1287,"Parkland, Fla."
1288,"Glen Ridge, N.J."
1289,"East Hampton, N.Y."
1290,"New Canaan, CT"
1291,"Chadds Ford, Pa."
1292,"Greenfield, Mass."
1293,"Gardena, CA"
1294,"Lake Forest, Il."
1295,"Acton, Mass."
1296,"Wilcox, Sask."
1297,"Piedmont, Calif."
1298,"Montreal, Canada"
1299,"Sherman Oaks, CA"
1300,"Ft. Washington, MD"
1301,"Falls Church, Va."
1302,"Wellington, FL"
1303,"Westfield, Ind."
1304,"Nivot, Colo."
1305,"Larkspur, CA"
1306,"Portland, ME"
1307,"Baldwin, Md."
1308,"West Simsbury, Conn."
1309,"Shaftsbury, Vt."
1310,"Heidelberg, Germany"
1311,"Sabanilla, Costa Rica"
1312,"Demarest, N.J."
1313,"Grand Rapids, Mich."
1314,"Englewood Cliffs, N.J."
1315,"Oceanside, Calif."
1316,"Milford, CT"
1317,"Saint Cloud, MN"
1318,"Water Mill, NY"
1319,"Augusta, GA"
1320,"Malmo, Sweden"
1321,"Grosse, Pointe, MI"
1322,"Hockessin, DE"
1323,"Kalamazoo, MI"
1324,"Waynesburg, PA"
1325,"Barrington, IL"
1326,Switzerland
1327,"Greenville, SC"
1328,"Simsbury, CT"
1329,"Latham, N.Y."
1330,"Lafayette, Calif."
1331,"Holyoke, MA"
1332,"Kloof, South Africa"
1333,"Hamilton, ON"
1334,"Valparaiso, IN"
1335,"Southington, CT"
1336,"North Myrtle Beach, SC"
1337,"Novi, Mich."
1338,"Cherry Hill, NJ"
1339,"Chappaqua, NY"
1340,"Park Ridge, IL"
1341,"Califon, NJ"
1342,"N. Chatham, MA"
1343,"Grayslake, Ill."
1344,"Liberty Township, Ohio"
1345,"Granite Bay, CA"
1346,"Healdsburg, CA"
1347,"Whitehouse Station, NJ"
1348,"Midland Park, NJ"
1349,"Tauranga, New Zealand"
1350,"Johns Creek, Ga."
1351,"Vancouver, Canada"
1352,"Camarillo, Calif."
1353,"Palatine, IL"
1354,"Summitt, NJ"
1355,"Waterville, Ohio"
1356,"Margate, NJ"
1357,"North Hampton, N.H."
1358,"Burlington, Vt."
1359,"Canyon Country, CA"
1360,"Walnut Creek, Calif."
1361,"Alison Park, Pa."
1362,"Miami Beach, FL"
1363,"Kirkland, Wash."
1364,"Great Meadows, NJ"
1365,"St. John, USVI"
1366,"Falmouth, Maine"
1367,"Norman, OK"
1368,"Katy, TX"
1369,"Chagrin Falls, OH"
1370,"Cicero, NY"
1371,"Smithville, MO"
1372,"Larkspur, Colo."
1373,"Lake Mary, Fla."
1374,"New Milford, CT"
1375,"Goleta, CA"
1376,"Courtice, Ont."
1377,"Wellington, U.K."
1378,"Santa Rosa Valley, Calif."
1379,"Beverly, Mass."
1380,"Calgary, Alb."
1381,"Bradford, MA"
1382,"Wrightwood, Calif."
1383,"Annapolis, MD"
1384,"Franklin, MA"
1385,"Collingwood, Ont."
1386,"Rockville Centre, NY"
1387,"South Huntington, NY"
1388,Istanbul
1389,"Tokyo, Japan"
1390,"Lower Gwynedd, Pa."
1391,"Queens, NY"
1392,"Crofton, MD"
1393,"Bethel Park, PA"
1394,"The Woodlands, TX"
1395,"Powell, OH"
1396,"Winston-Salem, NC"
1397,"Milton, Mass."
1398,"Delray Beach, Fla."
1399,"West Islip, N.Y."
1400,"Richboro, Pa."
1401,"Port Washington, NY"
1402,"Franklin Square, NY"
1403,"Cleveland, OH"
1404,"Mt. Sinai, N.Y."
1405,"Paramus, N.J."
1406,"Rancho Cucamonga, CA"
1407,"Friendswood, TX"
1408,New York City
1409,"Apple Valley, Calif."
1410,"Belle Harbor, N.Y."
1411,"Nashville, Tennessee"
1412,"Rancho Cucamonga, Calif."
1413,"Nairobi, Kenya"
1414,"New York City, NY"
1415,"Upper Dublin, PA"
1416,"Valladoid, Spain"
1417,"Reading, Mass."
1418,"Mission Hills, KS"
1419,"Lansing, MI"
1420,"Commack, N.Y."
1421,"Sewell, NJ"
1422,"New Britain, CT"
1423,"Moorpark, CA"
1424,"Bernardsville,  N.J."
1425,"Bedford, N.H."
1426,"Schereville, IN"
1427,"Kittery, Me."
1428,"Horseheads, NY"
1429,"Downers Grove, IL"
1430,"Holland, Mich."
1431,"Porter Ranch, Calif."
1432,"Lawrence, Kan."
1433,"Endwell, N.Y."
1434,"Granada Hills, CA"
1435,"Kalamazoo, Mich."
1436,"Wheaton, Ill."
1437,"LaJolla, Calif."
1438,"Tallahassee, FL"
1439,"Chevy Chase, MD"
1440,"Coto de Caza, CA"
1441,"Arden Hills, Minn."
1442,"Humacao, Puerto Rico"
1443,"Berkeley Heights, N.J."
1444,"Marlboro, VT"
1445,"Manteca, Calif."
1446,"Duluth, MN"
1447,"El Paso, Texas"
1448,"Huntsville, AL"
1449,"Waterford, Conn."
1450,"Avon, Ohio"
1451,"Lynchburg, VA"
1452,"St. Petersburg, Fla."
1453,"Mülheim an der Ruhr, Germany"
1454,"North Hills, N.Y."
1455,"Oslo, Norway"
1456,"San Jose, Costa Rica"
1457,"Takoma Park, MD"
1458,"Venice, Fla."
1459,"Bloomington, MN"
1460,"Wood Ridge, NJ"
1461,"Louisville, Ky."
1462,"Westlake Village, Calif."
1463,"Lakeville, Conn."
1464,"St. James, N.Y."
1465,"Flushing, Mich."
1466,Washington DC
1467,"New Orleans, La."
1468,"Salt Spring Island, B.C."
1469,"Pt. Pleasant Beach, NJ"
1470,"Gorham, ME"
1471,"Green Brook, N.J."
1472,"Stillwater, OK"
1473,"New Rochelle, NY"
1474,"Gjerstad, Norway"
1475,"Bedford, Mass."
1476,"Cambridge, N.Y."
1477,"Darnestown, Md."
1478,"Sydney, Australia"
1479,"Somerville, MA"
1480,"Chesterland, Oh."
1481,"New Preston, Conn."
1482,"Mountain View, Calif."
1483,"Bellevue City, Wash."
1484,"San Carlos, CA"
1485,"Memphis, TN"
1486,"Crownsville, MD"
1487,"Okemos, Mich."
1488,"Sound Beach, NY"
1489,"Branford, CT"
1490,"Schaumburg, IL"
1491,"Ridgewood, N.J."
1492,"Chalon Sur Saone, France"
1493,"Cleveland Heights, OH"
1494,"Morristown, NJ"
1495,"Belle Mead, N.J."
1496,"West Hartford, CT"
1497,"Riverside, Ill."
1498,"Irvington, N.Y."
1499,"Manlius, N.Y."
1500,"Huntingtown, Md."
1501,"Fairfield, Conn."
1502,"Columbus, Ohio"
1503,"Upper Arlington, OH"
1504,"Zürich, Switzerland"
1505,"Nicosia, Cyprus"
1506,"DeLand, FL"
1507,"West Mystic, CT"
1508,"Denver, Colo."
1509,"Carrollton, T.X."
1510,"Venice, Calif."
1511,"Strongsville, Ohio"
1512,"Metuchen, N.J."
1513,"Port Orange, F.L."
1514,"Sault Ste. Marie, Ont."
1515,"Mundelein, IL"
1516,"Portsmouth, RI"
1517,"Waterford, Ireland"
1518,"Fort Mitchell, Ky."
1519,"Warrenton, VA"
1520,"Westfield, N.J."
1521,"Sharon, MA"
1522,"Florence, MA"
1523,"Mesa, Ariz."
1524,"Westminster, MA"
1525,"Kingwood, Texas"
1526,"Waxhaw, N.C."
1527,"Portsmouth, NH"
1528,"Tempe, Ariz."
1529,"Las Vegas, Nev."
1530,"La Canada Flintridge, CA"
1531,"Cape Town, South Africa"
1532,"Goshen, CT"
1533,"Benoni, South Africa"
1534,"Norwell, Mass."
1535,"Kailua, HI"
1536,"Birmingham, Ala."
1537,"Butler, NJ"
1538,"Nesconset, NY"
1539,"Chichester, United Kingdom"
1540,"Kleinburg, ONT"
1541,"Baytown, TX"
1542,"Laguna Beach, CA"
1543,"Ponte Vedra Beach, Fla."
1544,"Mt. Vernon, NY"
1545,"Rahway, NJ"
1546,"Brea, CA"
1547,"Pittsburg, PA"
1548,"Strongsville, OH"
1549,"Calabasas, Calif."
1550,"Carbondale, IL"
1551,"Geneva, Switzerland"
1552,"Short Hills, NJ"
1553,"West Hills, CA"
1554,"East Chapel Hill, N.C."
1555,"Huntington Beach, CA"
1556,"San Marino, Calif."
1557,"St. Albert, Alberta"
1558,"Moon Township, PA"
1559,"Manhassett, NY"
1560,"Orange, Conn."
1561,"Pine Brook, N.J."
1562,"Dover, DE"
1563,"Jupiter, FL"
1564,"West Covina, CA"
1565,"Leawood, KS"
1566,"Carvel, Alberta"
1567,"Oviedo, FL"
1568,"Milton, Ga."
1569,"Mullica Hill, NJ"
1570,"Wayland, MA"
1571,"Nepean, Ont."
1572,"Cardiff, U.K."
1573,"Harrisburg, Pa."
1574,"Worcester, MA"
1575,"Puyallup, Wash."
1576,"West Warwick, RI"
1577,"Seekonk, MA"
1578,"Bexley, OH"
1579,"Wolfeboro, NH"
1580,"Tarrytown, N.Y."
1581,"Goshen, Conn."
1582,"Valencia, Calif."
1583,"Whitewater, Wis."
1584,"Gloucester, MA"
1585,"Wakefield, R.I."
1586,"Ely, Minn."
1587,"Orem, Utah"
1588,"Mequon, Wisc."
1589,"Chiang Mai, Thailand"
1590,"Chertsey, United Kingdom"
1591,"Falmouth, ME"
1592,"Greer, S.C."
1593,"Wyckoff, N.J."
1594,"Wilson, Conn."
1595,"King Ferry, NY"
1596,"Fort Lauderdale, Fla."
1597,"Bridgeport, Conn."
1598,"Newark, DE"
1599,"North Reading, MA"
1600,"Upper Saddle River, N.J."
1601,"Williamsburg, VA"
1602,"Chilton, Wisc."
1603,"Alameda, CA"
1604,"Haddonfield, NJ"
1605,"Great Neck, N.Y."
1606,"Oshawa, Ont."
1607,"Edmond, OK"
1608,"Toulouse, France"
1609,"Ottawa, Ontario"
1610,"Harrisburg, PA"
1611,"Newark, Del."
1612,"Cos Cob, CT"
1613,"South Hadley, Mass."
1614,"Walpole, Mass."
1615,"Cheshire, CT"
1616,"Mexico City, Mexico"
1617,"Riverside, Conn."
1618,"Ankara, Turkey"
1619,"Mukilteo, Wash."
1620,"Pacifica, Calif."
1621,"La Mesa, CA"
1622,"Lansdale, PA"
1623,"Tullahoma, TN"
1624,"Weymouth, MA"
1625,"Shoreham, N.Y."
1626,"Bow, NH"
1627,"Vail, Ariz."
1628,"Algonac, Mich."
1629,"Los Altos Hills, Calif."
1630,"Oxford, United Kingdom"
1631,"New Delhi, India"
1632,"Pärnu, Estonia"
1633,"Bellevue, Wash"
1634,"Trumbull, Conn."
1635,"Paris, France"
1636,"North New Hyde Park, NY"
1637,"Bethlehem, Pa."
1638,"Hastings on Hudson, N.Y."
1639,"Skillman, N.J."
1640,"Branford, C.T."
1641,"Fredericksburg, Va."
1642,"West Chester, PA"
1643,"Bellevue, Washington"
1644,"Tustin, Calif."
1645,"Grimsby, Ont."
1646,"Ft. Myers, Fla."
1647,"Washington Depot, Conn."
1648,"Watertown, Mass."
1649,"Whittier, Calif."
1650,"Kew, Australia"
1651,"Cape Coral, Fla."
1652,"Concord, MA"
1653,"Mt. Laurel, N.J."
1654,"Woodbridge, Va."
1655,"East Lake, FL"
1656,"Birmingham, AL"
1657,"Bowie, Md."
1658,"Carlsbad, N.M."
1659,"Nassau County, N.Y."
1660,"Moraga, CA"
1661,"Atherton, CA"
1662,"Lee's Summit, MO"
1663,"Rancho Palos Verde, Calif."
1664,"Ocean Township, N.J."
1665,"Park Ridge, NJ"
1666,"Airmont, NY"
1667,"Harrison, NY"
1668,"Pittsford, NY"
1669,"Orinda, CA"
1670,"Walnut Creek, CA"
1671,"Martinez, Calif."
1672,"Suffolk, Va."
1673,"Brookhaven, Ga."
1674,"Kapsabet, Kenya"
1675,"Woodside, CA"
1676,"Pembroke, MA"
1677,"North Babylon, N.Y."
1678,"Buffalo Grove, Ill."
1679,"Brookside, N.J."
1680,"Haverford, Pa."
1681,"Tucson, AZ"
1682,"Staten Island, N.Y."
1683,"Pico Rivera, Calif."
1684,"Lexington, Mass."
1685,"Key Biscayne, Fla."
1686,"Scottsdale, AR"
1687,"Lighthouse Pt., FL"
1688,"Coronado, CA"
1689,"Larkspur, CO"
1690,"Rockaway, N.J."
1691,"Cumberland, ME"
1692,"Garrison, NY"
1693,"Redmond, Wash."
1694,"Rescue, Calif."
1695,"Manhattan Beach, CA"
1696,"Bensalem, PA"
1697,"St. Thomas, Virgin Islands"
1698,"Kentfield, Calif."
1699,"Manhattan, N.Y."
1700,"Haute-Nendaz, Switzerland"
1701,"Weybridge, Surrey, England"
1702,"Tolland, Conn."
1703,"Prairie Village, Kan."
1704,"Antietam, Md."
1705,"Omro, WI"
1706,"South Windsor, CT"
1707,"Plymouth, Minn."
1708,"Acton, Massachusetts"
1709,"New Orleans, LA"
1710,"Westlake Village, CA"
1711,"Gladwyne, PA"
1712,"Reading, MA"
1713,"Cedar Rapids, IA"
1714,"Westford, MA"
1715,"Torrington, CT"
1716,"Valencia, CA"
1717,"Appleton, Wisc."
1718,"Sammamish, WA"
1719,"Brampton, ON"
1720,"Camp Hill, PA"
1721,"Lauderdale Lakes, FL"
1722,"Orange, CA"
1723,"Gibsonia, Pa."
1724,"Coral Springs, FL"
1725,"Camino, CA"
1726,"Marin, Calif."
1727,"Burlington, N.C."
1728,"La Canada, Calif."
1729,"Winter Park, Fla."
1730,"Canton, CT"
1731,"Meridian, ID"
1732,"Corona del Mar, CA"
1733,"Norwalk, Conn."
1734,"Kitchener, Ontario"
1735,"Freeport, NY"
1736,"Haddam, CT"
1737,"Izola, Slovenia"
1738,"Roswell, Ga."
1739,"Fair Lawn, N.J."
1740,"Skaneatales, NY"
1741,"Brookline, MA"
1742,"Seekonk, Mass."
1743,"Hillsdale, NJ"
1744,"Oyster Bay, N.Y."
1745,Gmunden. Austria
1746,"Concord, CA"
1747,"Ipsilanti, Mich."
1748,"Canton, Mich."
1749,"Mobile, Ala."
1750,"Sparr, Fla."
1751,"Escondido, CA"
1752,"Bridgeville, PA"
1753,"South Bend, Ind."
1754,"Elkin, NC"
1755,"Petersburg, Va."
1756,"West Chester, Ohio"
1757,"Pomona, CA"
1758,"Hanover, MA"
1759,"Old Greenwich, CT"
1760,"Mendham, NJ"
1761,"Ridgeland, MS"
1762,"Palm City, Fla."
1763,"Hershey, PA"
1764,"Mineola, NY"
1765,"Williamsburg, Va."
1766,"Moorestown, N.J."
1767,"Upper Marlboro, MD"
1768,"Savannah, GA"
1769,"Guilderland, N.Y."
1770,"Flushing, N.Y."
1771,"Donaldsonsville, La."
1772,"Falls Church, VA"
1773,"Ross, Calif."
1774,"Palm Beach, Fla."
1775,"Scarborough, ME"
1776,"Raleigh, N.C."
1777,"Vestavia Hills, Ala."
1778,"Fonthill, Ont."
1779,"Swansea, Mass."
1780,"Abilene, Texas"
1781,"Moulsoe, England"
1782,"Troy, Mont."
1783,"New Rochelle, N.Y."
1784,"Sherman Oaks, Calif."
1785,"Norwich, Vt."
1786,"Hudson, Quebec"
1787,"Hudson, Que."
1788,"Bowling Green, Ohio"
1789,"Tyler, Texas"
1790,"Mainz, Germany"
1791,"Old Westbury, N.Y."
1792,"Malden, Mass."
1793,"Oak Brook, Ill."
1794,"Ripley, W.V."
1795,"Penkridge, England"
1796,"Buford, Ga."
1797,"Walla Walla, Wash."
1798,"Twinsburg, Ohio"
1799,"York, England"
1800,"Burlington, Mass."
1801,"Omaha, Maine"
1802,"Cazenovia, N.Y."
1803,"Lawrenceville, Ga."
1804,"Hewlett Harbor, N.Y."
1805,"Elida, Ohio"
1806,"Denton, Texas"
1807,"Stone Mountain, Ga."
1808,"Mill Bay, B.C."
1809,"Wyomissing, Pa."
1810,"Silver Spring, Md."
1811,"New Windsor, N.Y."
1812,"Middle Village, N.Y."
1813,"Ajax, Ont."
1814,"Brookline, Mass"
1815,"Prospect, Ky."
1816,"Bozeman, Mont."
1817,"Martin, Tenn."
1818,"Westchester, Pa."
1819,"Seymour, Wisc."
1820,"Yarmouth, Maine"
1821,"Alabaster, Ala."
1822,"Canyon Country, Calif."
1823,"San Luis Obispo, Calif."
1824,"Hudson, Ohio"
1825,"Lancaster, Ohio"
1826,"Shawnigan Lake, B.C."
1827,"High Point, N.C."
1828,"Chester Springs, Pa."
1829,"West Covina, Calif."
1830,"Cobble Hill, B.C."
1831,"Cleveland, Ohio"
1832,"Ithaca, N.Y."
1833,"Cheyenne, Wyo."
1834,"Teaneck, N.J."
1835,"Oak Park, Calif."
1836,"Marshfield, Mass."
1837,"Livingston, N.J."
1838,"Hartsdale, N.Y."
1839,"Burke, Va."
1840,"Windermere, Fla."
1841,"West Vancouver, B.C."
1842,"Cliffside Park, N.J."
1843,"Tacoma, Wash."
1844,"Lewisville, Texas"
1845,"North Easton, Mass."
1846,"Gold Coast, Australia"
1847,"Harare, Zimbabwe"
1848,"Carlisle, Mass."
1849,"Geneva, Ill."
1850,"Park City, Utah"
1851,"Ontario, Canada"
1852,"Loudonville, N.Y."
1853,"Milwaukee, Wis."
1854,"Lebanon, Ind."
1855,"Cairo, Egypt"
1856,"Arvada, Colo."
1857,"Duluth, Ga."
1858,"Ardmore, Pa."
1859,"Mount Dora, Fla."
1860,"Monterey Park, Calif."
1861,"Oakland Gardens, N.Y."
1862,"Rochester Mills,PA."
1863,"Ramona, Calif."
1864,"Somerset, England"
1865,"Weston, Fla."
1866,"Morris Plains, N.J."
1867,"Methuen, Mass."
1868,"Chester, S.C."
1869,"Helena, Mont."
1870,"Minot, N.D."
1871,"Brookville, N.Y."
1872,"Alpine, Calif."
1873,"Sequim,WA."
1874,
1875,"Battle Creek, Mich."
1876,"Studio City, Calif."
1877,"Norfolk, Mass."
1878,"Cambridge, England"
1879,"Bettendorf, Iowa"
1880,"Sea Cliff, N.Y."
1881,"Watertown, N.Y."
1882,"Woodstock,IL."
1883,"Jacksonville Beach, Fla."
1884,"Miami, Fla"
1885,"Great Falls, Mont."
1886,"Easton, Md."
1887,"Lilburn, Ga."
1888,"Rolling Hill Estates, Calif."
1889,"Banks, Ore."
1890,"South Windsor, Conn."
1891,"Cranston, R.I."
1892,"Mohegan Lake, N.Y."
1893,"Provo, Utah"
1894,"Bel Air, Md."
1895,"New Caanan, Conn."
1896,"Brick Township, N.J."
1897,"Pomfret, Md."
1898,"Brigantine, N.J."
1899,"Rehoboth, Mass."
1900,"Diamond Bar, Calif."
1901,"Little Rock, Ark."
1902,"Old Forge, N.Y."
1903,"Newtown, Conn."
1904,"Henderson, Nev."
1905,"Rosemont, Minn."
1906,"Lochwinnoch, Scotland"
1907,"Towson, Md."
1908,"West Orange, N.J."
1909,"Gainesville, Fla."
1910,"Mahomet, Ill."
1911,"Greenland, N.H."
1912,"Media, Pa."
1913,"Leonard, Mich."
1914,"San Clemente, Calif."
1915,"Weston, Mass"
1916,"Bellingham, Mass."
1917,"Hawthorne, N.J."
1918,"Orchard Park, N.Y."
1919,"Danvers, Mass."
1920,"Sugar Land, Texas"
1921,"Sycamore, Ill."
1922,"Montreal, Quebec"
1923,"Athens, W.Va."
1924,"Frankenmuth, Mich."
1925,"Livonia, Mich."
1926,"Freeville, N.Y."
1927,"New Brighton, Minn."
1928,"Arrowsic, Maine"
1929,"Torrance, Calif."
1930,"Abington, Mass."
1931,"Duluth, Minn."
1932,"Swampscott, Mass."
1933,"Mechanicsburg, Pa."
1934,"Palos Verdes Estates, Calif."
1935,"New Bedford, Mass."
1936,"Blairstown, N.J."
1937,"La Puente, Calif."
1938,"Wakefield, Mass."
1939,"Manalapan, N.J."
1940,"Carver, Mass."
1941,"Kurraba Point, N.Y."
1942,"Isle of Wight, England"
1943,"Escondido, Calif."
1944,"Hope, N.J."
1945,"Vail, Colo."
1946,"Vineyard Haven, Mass."
1947,"Accra, Ghana"
1948,"Clarksburg, W. Va."
1949,"Chicago, Ill"
1950,"Wantagh, N.Y."
1951,"Rome, Italy"
1952,"Valencia, Spain"
1953,"Mission, Texas"
1954,"South Pasadena, Calif."
1955,"Chula Vista, Calif."
1956,"College Station, Texas"
1957,"Stevensville, Mich."
1958,"Shaker Heights, Ohio"
1959,"Bousval, Belgium"
1960,"Jamestown, R.I."
1961,"Fullerton, Calif."
1962,"Glen Allen, Va."
1963,"Cohoes, N.Y."
1964,"Lafayette, Colo."
1965,"Mission Viejo, Calif."
1966,"Friendswood, Texas"
1967,"Zemun, Serbia"
1968,"Broomall, Pa."
1969,"Franklin Square, N.Y."
1970,"Lynn Haven, Fla."
1971,"Mt. Vernon, N.Y."
1972,"London, Ohio"
1973,"Madison, Conn."
1974,"Mundelein, Ill."
1975,"Plymouth, Mass."
1976,"Ferdinand, Ind."
1977,"Coronado, Calif."
1978,"Queenstown, New Zealand"
1979,"Kula, Hawaii"
1980,"Hayward, Wisc."
1981,"Longmeadow, Mass."
1982,"Andover, England"
1983,"Athens, Ga."
1984,"Canton, Ohio"
1985,"Bethesda, N.Y."
1986,"Groton, Mass."
1987,"Lompoc, Calif."
1988,"Camberwell, Australia"
1989,"Vancouver, B.C."
1990,"Bronx, N.Y."
1991,"Hamilton, Ohio"
1992,"Corona del Mar, Calif."
1993,"Zeist, The Netherlands"
1994,"Salem, Mass."
1995,"Branford, Conn."
1996,"Middletown, R.I."
1997,"Swansea, Wales"
1998,"Upper Arlington, Ohio"
1999,"Monroe, La."
2000,"Charlevoix, Mich."
2001,"Fremont, Mich."
2002,"South Portland, Maine"
2003,"Dana Point, Calif."
2004,"Arnold, Md."
2005,"Mansfield, Mass."
2006,"Tuba City, Ariz."
2007,"Chatsworth, Calif."
2008,"Newport Coast, Calif"
2009,"Canal Winchester, Ohio"
2010,"Strathmore, Alta."
2011,"Glendale, Ariz."
2012,"Victoria, British Columbia"
2013,"Fayetteville, Ark."
2014,"Thomaston, Conn."
2015,"Euclid, Ohio"
2016,"Winnemucca, Nev."
2017,"Kingston, Australia"
2018,"Brookfield, Conn."
2019,"Milford, Mass."
2020,"Lockport, Ill."
2021,"Grapevine, Texas"
2022,"Suwanee, Ga."
2023,"Fremont, Calif."
2024,"Paxton, Mass."
2025,"Boyertown, Pa."
2026,"Gladstone, Mo."
2027,"Lancashire, Engalnd"
2028,"Lebanon, Ohio"
2029,"Topeka, Kan."
2030,"Carmel, Ind."
2031,"Windfield, Penn."
2032,"Villanova, Pa."
2033,"Lutz, Fla."
2034,"Balboa Island, Calif."
2035,"Cross River, N.Y."
2036,"Huntersville, N.C."
2037,"Three Lakes, Wi."
2038,"Regina, Sask."
2039,"Pasadena, Calif."
2040,"West Roxbury, Mass."
2041,"Willington, Conn."
2042,"Monte Sereno, Calif."
2043,"Peoria, Ariz."
2044,"Draper, Va."
2045,"Elizabethtown, N.C."
2046,"Coral Gables, Fla."
2047,"Valley Center, Calif."
2048,"Hampton, Va."
2049,"Orchard Lake, Mich."
2050,"Shrewsbury, Mass."
2051,"Natick, Mass."
2052,"Cumberland, Maine"
2053,"Oradell, N.J."
2054,"Rockville Center, N.Y."
2055,"Maple Wood, N.J."
2056,"Sanford, Maine"
2057,"Long Beach, N.Y."
2058,"Oxnard, Calif."
2059,"Merrimack, N.H."
2060,"East Windsor, N.J."
2061,"Cooperstown, N.Y."
2062,"Wayne, Penn."
2063,"Woodstock, Vt."
2064,"Howell, N.J."
2065,"Wallingford, Conn."
2066,"Bay Shore, N.Y."
2067,"Butte, Mont."
2068,"Victor, N.Y."
2069,"Victoria, B.C."
2070,"Laporte, Minn."
2071,"Union City, Calif."
2072,"Beavercreek, Ohio"
2073,"Stephens City, Va."
2074,"Bakersfield, Calif."
2075,"Sandy, Utah"
2076,"Danville, Calif."
2077,"Blacklick, Ohio"
2078,"Manchester, England"
2079,"Slattington, Penn."
2080,"Middleton, Wis."
2081,"Centreville, Va."
2082,"Monroe, N.C."
2083,"Elk Grove, Calif."
2084,"Scarborough, Maine"
2085,"Clifton,VA."
2086,"Queensbury, N.Y."
2087,"Sterling, Va."
2088,"Homer, N.Y."
2089,"Texarkana, Texas"
2090,"Quincy, Mass."
2091,"Whippany, N.J."
2092,"South Burlington, Vt."
2093,"Carmel, Calif."
2094,"The Woodlands,Texas"
2095,"Jackson, Miss."
2096,"Largo, Md."
2097,"Lynn, Mass."
2098,"Fort Collins, Colo."
2099,"Hermosa Beach, Calif."
2100,"Billerica, Mass."
2101,"San Francisco,Calif."
2102,"Sanata Paula, Calif."
2103,"Ayer, Mass."
2104,"Ipswich, England"
2105,"Clinton, Wash."
2106,"Hamm, Germany"
2107,"Santa Rosa, Calif."
2108,"Sherwood, Ark."
2109,"Huntington Beach, Calif."
2110,"Auburn, N.Y."
2111,"La Palma, Calif."
2112,"Colonia, N.J."
2113,"Rumford, Maine"
2114,"Washington Crossing, Pa."
2115,"Springfield, Vt."
2116,"Keller, Texas"
2117,"Stilwell, Kansas"
2118,"Dawes Point, Australia"
2119,"Helotes, Texas"
2120,"Paonia, Colo."
2121,"Redwood City, Calif."
2122,"Pointe-Claire, Quebec"
2123,"Augusta, Ga."
2124,"Valley Cottage, N.Y."
2125,"Billings, Mont."
2126,"Princeton Jct., N.J."
2127,"Weymouth, Mass."
2128,"Bedford, England"
2129,"Portland, Maine"
2130,"Chantilly, Va."
2131,"Chalfront, Pa."
2132,"Bellevue, Wash."
2133,"South Easton, Mass."
2134,"Middleton, Mass."
2135,"Mentor, Ohio"
2136,"Bethel, Conn."
2137,"Arnold, Penn."
2138,"Englewood, Colo."
2139,"West Des Moines, Iowa"
2140,"Waldorf, Md."
2141,"Tarzana, Calif."
2142,"Doylestown, Pa."
2143,"Mt. Juliet, Tenn."
2144,"Sammarnish, Wash."
2145,"Armonk, N.Y."
2146,"Rosslyn Farms,PA."
2147,"Oakville, Ont."
2148,"Lone Jack, Mo."
2149,"La Crescenta, Calif."
2150,"Framingham, Mass."
2151,"Old Greenwich, Conn."
2152,"Wheaton, Md."
2153,"Chesnut Hill, Mass."
2154,"Menlo Park, Calif."
2155,"Tewkesbury, United Kingdom"
2156,"Saint John, N.Y."
2157,"Lincoln, Mass."
2158,"Arlington, Texas"
2159,"Tracy, Calif."
2160,"Millersville, Md."
2161,"Rancho Sante Fe, Calif."
2162,"Dublin, Ohio"
2163,"Gold River, Calif."
2164,"St. Paul, Minn."
2165,"Silver Springs, Md."
2166,"Salpulpa, Okla."
2167,"Sandersville, Ga."
2168,"Scarborough, Ont."
2169,"North Oaks, Minn."
2170,"Osterville, Mass."
2171,"Urbandale, Iowa"
2172,"Warner Robins, Ga."
2173,"Newton Center, Mass."
2174,"Greenwood, Ind."
2175,"Saratoga, Fla."
2176,"Stowe, Vt."
2177,"Claremore, Okla."
2178,"Tuscan, Ariz."
2179,"Kearney, Neb."
2180,"West Vancouver, British Columbia"
2181,"Lake Oswego, Ore."
2182,"Union, Ky."
2183,"San Ramon, Ariz."
2184,"Lombard, Ill."
2185,"Lemoore, Calif."
2186,"Shelby Township, Mich."
2187,"San Diego, Cailf."
2188,"E Paso, Texas"
2189,"Autin, Texas"
2190,"Pond Ridge, N.Y."
2191,"Bloomsfield Hills, Mich."
2192,"Gloucester, Mass."
2193,"Greensburg, Pa."
2194,"Portland,OR."
2195,"West Seneca, N.Y."
2196,"Tinton Falls, N.J."
2197,"Timonium, Md."
2198,"Surfers Paradise, Australia"
2199,"Toone, Tenn."
2200,"San Tan Valley, Ariz."
2201,"Franklin, Tenn."
2202,"Herndon, Va."
2203,"San Juan Capistrano, Calif."
2204,"Scottsville, Va."
2205,"Mount Laurel, N.J."
2206,"Carrollton, Texas"
2207,"Oakville, ON, Canada"
2208,"Carson, Calif."
2209,"Albany, N.Y."
2210,"Albion, Mich."
2211,"Coral Springs, Fla."
2212,"Oceanside, N.Y."
2213,"Warren, Ohio"
2214,"Collins, Mich."
2215,"Branchburg, N.J."
2216,"Norwood, Mass."
2217,"Los Alamos, N.M."
2218,"St. Louis, Miss."
2219,"Spring, Texas"
2220,"Danbury, Conn."
2221,"Winnipeg, Manitoba"
2222,"Johnson City, Tenn."
2223,"Geneseo, Ill."
2224,"Monterrey, Mexico"
2225,"Syracuse, N.Y."
2226,"Edgewood, Ky."
2227,"Winhall, Vt."
2228,"Edmonton, B.C."
2229,"Tallahuassee, Fla."
2230,"Estevan, Sask."
2231,"Chesapeake, Va."
2232,"Irvine, Calif"
2233,"Boalsburg, Pa."
2234,"Lunenburg, Mass."
2235,"Paradise Valley, Ariz."
2236,"Napa, Calif."
2237,"Whitinsville, Mass."
2238,"Sinking Spring, Pa."
2239,"Marine on St. Croix, Minn."
2240,"Bentleyville, Ohio"
2241,"Bellville, Texas"
2242,"Stratford, Ontario"
2243,"Green Bay, Wis."
2244,"Burlingame, Calif."
2245,"Van Nuys, Calif."
2246,"Oyster Bay, Nev."
2247,Bellevue
2248,"Shoreline, Wash."
2249,"Ascot Vale, Victoria, Australia"
2250,"Wilkes-Barre, Pa."
2251,"Salt Lake City, Utah"
2252,"Anthony, Fla."
2253,"Webridge, England"
2254,"Halifax, N.S."
2255,"Lacombe, Alta."
2256,"Sharon, Mass."
2257,"South Attleboro, Mass."
2258,"East Rockaway, N.Y."
2259,"Segrate, Italy"
2260,"Eagle, Idaho"
2261,"San Rafael, Calif."
2262,"St. Catharine's, Ont."
2263,"Harbor Springs, Mich."
2264,"Pearl, Miss."
2265,"New Albany, Ohio"
2266,"Riverside, R.I."
2267,"Cresson, Texas"
2268,"Willmar, Minn."
2269,"Closter, N.J."
2270,"Franklin Lakes, N.J."
2271,"Arden, N.C."
2272,"Billings,MT."
2273,"Alamo, Calif."
2274,"Jamesville, N.Y."
2275,"Lebanon, N.J."
2276,"Glassboro, N.J."
2277,"Anaheim, Calif."
2278,"Memphis, Tenn."
2279,"Braintree, Mass."
2280,"Kingston, Pa."
2281,"Lake City, Fla."
2282,"Lancaster, N.Y."
2283,"Saddle River, N.J."
2284,"North Richland Hills, Texas"
2285,"Orford, N.H."
2286,"Monterey, Calif."
2287,"Dayton, Md."
2288,"Hayward, Calif."
2289,"Medford, Mass."
2290,"Waitsfield, Vt."
2291,"San Francisco, calif."
2292,"Coeur D Alene, Idaho"
2293,"Norwood, N.J."
2294,"Greeley, Colo."
2295,"Crown Point, Ind."
2296,"Westerville, Ohio"
2297,"Bloomfield, Calif."
2298,"Palm Harbor, Fla."
2299,"Thornhill, Ont."
2300,"Park Forest, Ill."
2301,"Conyers, Ga."
2302,"Kilkenny, Ireland"
2303,"Fort Devens, Mass."
2304,"Yukon, Okla."
2305,"Brandon, Fla."
2306,"Iowa City, Iowa"
2307,"Pasadena, Texas"
2308,"Wellington, Fla."
2309,"Port Washington, Wis."
2310,"Richmond, Texas"
2311,"Coram, N.Y,"
2312,"Albuquerque, N.M."
2313,"Evanston, Ill."
2314,"Plainfield, N.J."
2315,"Saskatoon, S.K."
2316,"Canfield, Ohio"
2317,"Circleville, Ohio"
2318,"Kailua, Hawaii"
2319,"Temple Terrace, Fla."
2320,"Columbus, Ga."
2321,"Maplewood, N.J."
2322,"Peterborough, England"
2323,"Dublin, Calif."
2324,"Cypress, Texas"
2325,"Fall River, Mass."
2326,"Unionville, Pa."
2327,"Edgeworth, England"
2328,"Shorewood, Ill."
2329,"Simsbury, Conn."
2330,"Port Matilda, Pa."
2331,"Helsinki, Finland"
2332,"Sherwood Park, Canada"
2333,"Kingsford, Australia"
2334,"Warren, R.I."
2335,"Flourtown, Pa."
2336,"Berkeley,Calif."
2337,"Berkley,Calif."
2338,"Dustable, Mass."
2339,"Washington,PA."
2340,"Dallas, Ga."
2341,"Ambler, Pa."
2342,"Binghamton, N.Y."
2343,"Downers Grove, Ill."
2344,"Greenwood Village, Colo."
2345,"Oakville, Ontario"
2346,"Aurora, Ill."
2347,"Merver Island, Wash."
2348,"Caterham, England"
2349,"Cork, Ireland"
2350,"Lucerne, Switzerland"
2351,"Bruderheim, Alta."
2352,"El Cajon, Calif."
2353,"Maplewood, Minn"
2354,"Shorewood, Wis."
2355,"Chamblee, Ga."
2356,"Achorage, Alaska"
2357,"Kirkland, Quebec, Canada"
2358,"Killingworth, Conn."
2359,"Palmyra, Pa."
2360,"Roseville, Minn."
2361,"Yorktown Heights, N.Y."
2362,"Downington, PA."
2363,"Kullavik, Sweeden"
2364,"Kullavik, Sweden"
2365,"Corona Del Mar, Calif."
2366,"Harvey, Ill."
2367,"Athens, Ohio"
2368,"Newington, Conn."
2369,"Mendota Heights, Minn."
2370,"Setauket, N.Y."
2371,"Greendale, Wis."
2372,"North Dean, United Kingdom"
2373,"Foxboro, Mass."
2374,"Basking Ridge, N.Y."
2375,"Hillsborough, N.C."
2376,"Carson City, Nev."
2377,"Lower Gwnedd, Pa."
2378,"Bloomfield Hills, Mich."
2379,"Rose Valley, Pa."
2380,"Davenport, Iowa"
2381,"Pleasanton, Calif."
2382,"Lincoln Heights, Ohio"
2383,"Manetta, Ga."
2384,"Rock Island, Ill."
2385,"Alpine, N.J."
2386,"Yakima, Wash."
2387,"Canandaigua, N.Y."
2388,"Egg Harbor Township, N.J."
2389,"Fairport, N.Y."
2390,"Bristol, Conn."
2391,"Calgary, Alberta, Canada"
2392,"Brockport, N.Y."
2393,"Amherst, N.H."
2394,"San Antonio, Texas"
2395,"Belleville, N.J."
2396,"Oberursel, W. Germany"
2397,"Wainfleet, Ont."
2398,"Freeport, Maine"
2399,"Trenton, N.J."
2400,"Gonzalez, La."
2401,"Madison, Wis."
2402,"Bloomfield, Conn."
2403,"South Freeport, Maine"
2404,"Merivale, New Zealand"
2405,"Jamaica, N.Y."
2406,"Leonberg, Germany"
2407,"St. Lambert, Quebec"
2408,"Emerald Hills, Calif."
2409,"Florence, Mass."
2410,"Snohomish, Wash."
2411,"Woodstock, Ga."
2412,"Fairfax Station, Va."
2413,"Kingston, Wash."
2414,"Reistertown, Md."
2415,"Syosset, N.Y."
2416,"Jackson, Minn."
2417,"Hadley, Mass."
2418,"East Lyme, Conn."
2419,"Quebec, Canada"
2420,"Odenton, Md."
2421,"Califon, N.J."
2422,"Waynesburg, Pa."
2423,"Grove City, Ohio"
2424,"Astoria, N.Y."
2425,"Plovdiv, Bulgaria"
2426,"Coomandook, Australia"
2427,"Locust Valley, N.Y."
2428,"Wantaugh, N.Y."
2429,"Northampton, Mass."
2430,"Gruenwald, Germany"
2431,"Cohasset, Mass."
2432,"Encino, Calif."
2433,"Daly City, Calif."
2434,"Beckenham, United Kingdom"
2435,"Bonita, Calif."
2436,"Matthews, N.C."
2437,"Melrose Park, Pa."
2438,"Southborough, Mass."
2439,"Wenatchee, Wash."
2440,"Fairfax, Colo."
2441,"Leawood, Kan."
2442,"Reedsville, Pa."
2443,"Mountlake Terrace, Wash."
2444,"Wauconda, Ill."
2445,"Charleston, S.C."
2446,"Cabin John, Md."
2447,"Cedar Rapids, Iowa"
2448,"Hammonton, N.J."
2449,"Farmingdale, N.Y."
2450,"Bedfordshire, England"
2451,"Durban, South Africa"
2452,"Sheridan, Wyo."
2453,"Rogersville, Mo."
2454,"Durango, Colo."
2455,"Longview, Wash."
2456,"Kensington, N.H."
2457,"Rancho Santa Margarita, Calif."
2458,"Oro Valley, Ariz."
2459,"Brooklyn Park, Minn."
2460,"Cobble Hill, British Colombia, Canada"
2461,"Fayetteville, N.Y."
2462,"Honeoye Falls, NY"
2463,"Leatherhead, England"
2464,"Edwards, Colo."
2465,"Twickenham, England"
2466,"Brentwood, N.H."
2467,"Hoover, Ala."
2468,"N. Easton, Mass."
2469,"Stratford, Conn."
2470,"S. River, N.J."
2471,"Newbury Park, Calif."
2472,"Woodbine, Ga."
2473,"Plymouth, N.H."
2474,"Canyon Country, Texas"
2475,"Whitehouse Station, N.J."
2476,"Scotia, N.Y."
2477,"Anderson, S.C."
2478,"Gautier, Miss."
2479,"Rocky River, Ohio"
2480,"Minden, Nev."
2481,"Coto De Caza, Calif."
2482,"Germantown, Tenn."
2483,"Novao, Calif."
2484,"Issaquah, Wash."
2485,"Poway, Calif."
2486,"Wilson, N.C."
2487,"Ilorin, Nigeria"
2488,"Brockton, Mass."
2489,"Riverwoods, Ill."
2490,"Spring Lake, Mich."
2491,"Laurel, Md."
2492,"Dunbarton, N.H."
2493,"Worcester, England"
2494,"Derry, N.H."
2495,"Green Oaks, Ill."
2496,"Oxford, N.Y."
2497,"Pascagoula, Miss."
2498,"Douglasville, Ga."
2499,"Greenville, Ala."
2500,"Pontefract, U.K."
2501,"Wynnewood, Pa."
2502,"Ho-Ho-Kus, N.J."
2503,"Lakeville, Minn."
2504,"Prospect, Conn."
2505,"Dothan, Ala."
2506,"Deerfield, Mass."
2507,"Scituate, Mass."
2508,"Carlsbad, Calif."
2509,"Smithtown, N.Y."
2510,"Auburndale, Mass."
2511,"Gaylord, Mich."
2512,"Broken Arrow, Okla."
2513,"Cleves, Ohio"
2514,"Toronto, Ontario"
2515,"Saint Paul, Minn."
2516,"Lancaster, Texas"
2517,"Temecula, Calif."
2518,"Charlottesville, Va."
2519,"Beaver Falls, Penn."
2520,"Allen Park, Mich."
2521,"Boyers, Pa."
2522,"Dunwoody, Ga."
2523,"Melville, N.Y."
2524,"Oakdale, Minn."
2525,"Bristol, England"
2526,"Limon, Colo."
2527,"Moorhead, Minn."
2528,"Garden City, Mich."
2529,"Stillwater, Minn."
2530,"Lincolnshire, England"
2531,"Hammond, Ore."
2532,"Kew East, Australia"
2533,"Kenmore, N.Y."
2534,"Saskatoon, Saskatchewan"
2535,"Akron, Ohio"
2536,"Villars sur Ollon, Switzerland"
2537,"Cheltenham, U.K."
2538,"Hopkinsville, Ky."
2539,"Cotuit, Mass."
2540,"Amesbury, Mass."
2541,"Key Biscane, Fla."
2542,"Montreal West, Que."
2543,"Peabody, Mass."
2544,"Glastonbury, Conn."
2545,"El Segundo, Calif."
2546,"Plainview, N.Y."
2547,"Loehne, Germany"
2548,"Marion, Mass."
2549,"Unionville, Conn."
2550,"Carmichael, Calif."
2551,"Ama, La."
2552,"Centennial, Colo."
2553,"Penn Valley, Pa."
2554,"Long Grove, Ill."
2555,"Seaforth, Australia"
2556,"Ticonderoga, N.Y."
2557,"Newport News, Va."
2558,"West Hempstead, N.Y."
2559,"Bristol, R.I."
2560,"Dumont, N.J."
2561,"Uncasville, Conn."
2562,"Kingston, Ontario"
2563,"Saint Petersburg, Fla."
2564,"Lathrup Village, Mo."
2565,"Chelmsford, Mass."
2566,"Livermore, Calif."
2567,"Surrey, B.C."
2568,"Burnsville, Minn."
2569,"Brockton,Mass."
2570,"Webster, N.Y."
2571,"Nanuet, NY."
2572,"Ellington,CT."
2573,"Liverpool, N.Y."
2574,"Truro, N.S."
2575,"Flagstaff, Ariz."
2576,"Stockport, England"
2577,"Nesconset, N.Y."
2578,"Terrace, British Columbia"
2579,"Londonderry, N.H."
2580,"Owingen, Germany"
2581,"Westport,CT."
2582,"Norfolk, N.Y."
2583,"West Linn, Ore."
2584,"Mastic, N.Y."
2585,"Cave Creek, Ariz."
2586,"Pearland, Texas"
2587,"Brecksville,Ohio"
2588,"Old Saybrook, Conn."
2589,"La Crescentra, Calif."
2590,"Sharon, Pa."
2591,"Imperial Beach, Calif."
2592,"Port Huron, Mich."
2593,"Orpington, England"
2594,"Upper Sadle River, N.J."
2595,"Miami Springs, Fla."
2596,"Springboro, Ohio"
2597,"Gaithersburg, Md."
2598,"Franklin, Mass."
2599,"Newton Square, Pa."
2600,"Far Hills, N.J."
2601,"Woburn, Mass."
2602,"Berwyn, Penn."
2603,"North Hills, Calif."
2604,"Garden Grove, Calif."
2605,"Sutter Creek, Calif."
2606,"Long Lake, Minn."
2607,"Charlestown, Mass."
2608,"York, Maine"
2609,"Hull, Mass."
2610,"Wynnewood, Penn."
2611,"Brookfield, Wis."
2612,"North Muskegon, Mich."
2613,"Woodbury, N.J."
2614,"Chandler, Ariz."
2615,"Frankfort, Ky."
2616,"Woodland Hills, Calif."
2617,"Estero, Fla."
2618,"Oneida, N.Y."
2619,"Newark, Ohio"
2620,"Northridge, Calif."
2621,"Powell, Ohio"
2622,"County Fermanagh, Ireland"
2623,"Franktown, Colo."
2624,"Pebble Beach, Calif."
2625,"Hartford, Conn."
2626,"Lutherville, Md."
2627,"E. Greenwich, R.I."
2628,"Perth, Western Australia"
2629,"New Kensington, Pa."
2630,"Mitchellville, Md."
2631,"Bearsville, N.Y."
2632,"Farmington Hills, Mich"
2633,"La Canada Flintridge, Calif."
2634,"Workingham, U.K."
2635,"Ozark, Mo."
2636,"Ocean City, N.J."
2637,"Hilliard, Ohio"
2638,"Kingsport, Tenn."
2639,"Dänischenhagen, Germany"
2640,"Odessa, Texas"
2641,"Piscataway, N.J."
2642,"Ramsey, N.J."
2643,"Rocky Hill, Conn."
2644,"Richardson, Texas"
2645,"Garnet Valley, Pa."
2646,"Salem, Ohio"
2647,"Pearl River, N.Y."
2648,"Stoney Stanton, England"
2649,"Waterford, Australia"
2650,"Norcross, Ga."
2651,"Bear Creek Township, Pa."
2652,"Campbell Hall, N.Y."
2653,"University Heights, Ohio"
2654,"Hyde Park, Mass."
2655,"Murfreesboro, Tenn."
2656,"Hamilton, Australia"
2657,"Avon Park, Fla."
2658,"Simi Valley, Calif."
2659,"Kennett Square, Pa."
2660,"Clifton, Va."
2661,"Geelong, Australia"
2662,"West Windsor, N.J."
2663,"Sarawak, Malaysia"
2664,"Tallinn, Estonia"
2665,"Northville, Mich."
2666,"Edmonds, Wash"
2667,"Havertown, Pa."
2668,"Spartanburg, S.C."
2669,"Orillia, Ont."
2670,"Rochester Hills, Mich."
2671,"Gary, Ind."
2672,"Garden Ridge, Texas"
2673,"Raytown, Mo."
2674,"Vancouver, British Columbia"
2675,"Northville, Mich"
2676,"Cuba City, Wis."
2677,"Norman, Okla."
2678,"Lake Clear, N.Y."
2679,"Kalaheo, Hawaii"
2680,"North Attleboro, Mass."
2681,"Tinley Park, Ill."
2682,"Byfield, Mass."
2683,"Bragg Creek, Alta."
2684,"Maple, Ontario"
2685,"Traverse City, Mich."
2686,"Lowell, Mich."
2687,"New Castle, Del."
2688,"Woodbury, Minn."
2689,"Sherwood Park, Alberta"
2690,"Wolfeboro, N.H."
2691,"Overland Park, Ks."
2692,"Brea,Calif."
2693,"Hanover, Mass."
2694,"Vienna,Va."
2695,"Hamilton, NY."
2696,"Montpelier,VT."
2697,"Chester, N.H."
2698,"Holmdel, N.J."
2699,"Belevedere, Calif."
2700,"Wellesly, Mass."
2701,"Essex Junction, Vt."
2702,"Dollar, Scotland, U.K."
2703,"Homer, Alaska"
2704,"Sudbury, Ontario, Canada"
2705,"Essen, Germany"
2706,"Augusta, Maine"
2707,"Golden, Colo."
2708,"Needham,Mass."
2709,"Westminster, Md."
2710,"Newhall, Calif."
2711,"Valley Forge, Pa."
2712,"Aptos, Calif."
2713,"Glenmore, Pa."
2714,"Atlanta,GA."
2715,"Methuen,Mass."
2716,"Claremont,NC."
2717,"Whistler, BC, Canada"
2718,"Clarendon Hills, Ill."
2719,"Wildwood, Mo."
2720,"Bridgewater, N.S."
2721,"Frisco, Texas"
2722,"Bayonne, N.J."
2723,"Novato, Calif."
2724,"Modesto, Calif."
2725,"Stoneham, Mass."
2726,"Valley Stream, N.Y."
2727,"Ft. Lauderdale, Fla."
2728,"Sun Valley, Calif."
2729,"Whangarei, New Zealand"
2730,"University PArk, Md."
2731,"Westboro, Mass."
2732,"Imperial, Pa."
2733,"Bloomfield Township, Mich."
2734,"Spruce Grove, Alta."
2735,"Chino, Calif."
2736,"Beachwood, Ohio"
2737,"Covina, Calif."
2738,"Everett, Mass."
2739,"San Clemente, calif."
2740,"Southampton, Pa."
2741,"Hanover Park, Ill."
2742,"Fishers, Ind."
2743,"Brookeville, Md."
2744,"Martinez, Ga."
2745,"Mililani, Hawaii"
2746,"Burtonsville, Md."
2747,"Concord, N.H."
2748,"Cos Cob, CT."
2749,"Scottsdale, Ariz."
2750,"Glenelg, Md."
2751,"Juneau, Alaska"
2752,"Silver Springs,MD."
2753,"Newport, Ore."
2754,"Ridgewood, N.Y."
2755,"Chesapeake, W. Va."
2756,Flushing.MI.
2757,"Swampscott,Mass."
2758,"Newark, Calif."
2759,"Yountville, Calif."
2760,"Succasunna, N.J."
2761,"Downington, Pa."
2762,"Mahwah, N.J."
2763,"Medway, Mass."
2764,"Sunn Valley, Calif."
2765,"Southampton, N.J."
2766,"Red Bank, N.J."
2767,"Medina, Ohio"
2768,"Pembroke, Mass."
2769,"Charlotte Hall, Md."
2770,"Irving, Texas"
2771,"Marion, Ohio"
2772,"Windham, N.H."
2773,"Cary, N.C."
2774,"Wallingford, Pa."
2775,"Cooper City,FL."
2776,"Santa Ana, Calif."
2777,"Highland Village, Texas"
2778,"Decatur, Texas"
2779,"Nuertingen, Germany"
2780,"Clayton, Mo."
2781,"Round Rock, Texas"
2782,"St. Johns, Newfoundland"
2783,"Slidell, La."
2784,"Freemont, Calif."
2785,"Narberth, Pa."
2786,"Gwynedd, Pa."
2787,"White Bear Lake, Minn."
2788,"Mississauga, Ontario"
2789,"Sierra Madre, Calif."
2790,"Jenison, Mich."
2791,"West Henrietta, N.Y."
2792,"Honeoye Falls, N.Y."
2793,"Medina, Minn."
2794,"Bridgewater, Mass."
2795,"Saint-Bruno, Que."
2796,"Upland, Calif."
2797,"Rockwall, Texas"
2798,"Esko, Minn."
2799,"Newton, Ill."
2800,"Pocatello, Idaho"
2801,"Old Lyme, Conn."
2802,"Winthrop, Wash."
2803,"Marlborough, Mass."
2804,"Millwood, N.Y."
2805,"Fairfield, Vt."
2806,"Den Haag, Netherlands"
2807,"Orono, Maine"
2808,"Webb City, Mo."
2809,"New Britain,CT."
2810,"East Meadow, N.Y."
2811,"Taby, Sweden"
2812,"Honolulu,Hawaii"
2813,"St. Petersburgh, Fla."
2814,"Darmstadt, Germany"
2815,"Briarcliff Manor, N.Y."
2816,"Bath, U.K."
2817,"Rockland, Mass."
2818,"Loveland, Colo."
2819,"Kharkiv, Ukraine"
2820,"Tenanta Harbor, Maine"
2821,"Doral, Fla."
2822,"Blue Springs, Mo."
2823,"Kirkland, Que."
2824,"Milan, Italy"
2825,"Puchov, Slovakia"
2826,"San Paulo, Brazil"
2827,"White Plains, N.Y."
2828,"Southport, Conn."
2829,"Waterville, Vt."
2830,"Faribault, Minn."
2831,"West Mifflin, Mass."
2832,"Shanty Bay, Ont."
2833,"Middletown, Md."
2834,"Roslindale, Mass."
2835,"Springfield, Mass."
2836,"Lewaood, Kan."
2837,"East Bridgewater, Mass."
2838,"Minocqua, Wisc."
2839,"Delhi, India"
2840,"Ligonier, Pa."
2841,"Babylon, N.Y."
2842,"Stowe, Vt,"
2843,"Rancho Mirage, Calif."
2844,"Morrisonville, N.Y."
2845,"Gardabaer, Iceland"
2846,"Harrisonville, Mo."
2847,"Sylvania, Ohio"
2848,"Davidson, N.C."
2849,"San Fernando, Trinidad"
2850,"Utica, N.Y."
2851,"Bemidji, Minn."
2852,"Pequannock, N.J."
2853,"Naples, N.Y."
2854,"Toronto, ON, Canada"
2855,"Forest Hills, N.Y."
2856,"Westfield, Conn."
2857,"Bedarrides, France"
2858,"Merrimac, Mass."
2859,"Kiel, Germany"
2860,"Audubon, Pa."
2861,"Severna Park, Md."
2862,"Westfield, Mass."
2863,"Sutton, Mass."
2864,"West Boylston, Mass."
2865,"Nahant, Mass."
2866,"Burr Ridge, Ill."
2867,"Vicksburg, Miss."
2868,"Enosburg Falls, Vt."
2869,"Berndorf, Austria"
2870,"North Smithfield, R.I."
2871,"North Promfet, Vt."
2872,"Veazie, Maine"
2873,"Knoxville, Tenn."
2874,"Maple Glen, Pa."
2875,"Millbury, Mass."
2876,"Winterset, Iowa"
2877,"Tuba, Ariz."
2878,"Québec City, Québec"
2879,"Westwood, N.J."
2880,"Brookline, N.H."
2881,"Waltham, Mass."
2882,"Redding, Calif."
2883,"Ballwin, Mo."
2884,"North York, Ont."
2885,"Saint James, N.Y."
2886,"Mt. Kisco, N.Y."
2887,"Derby, Kan."
2888,"Laguna Hills, Calif."
2889,"Alexander City, Ala."
2890,"Somerville, Mass."
2891,"Lafayette Hill, Pa."
2892,"Doylestown, Ohio"
2893,"Ipswich, Mass."
2894,"Springdale, Ark."
2895,"Mount Airy, Md."
2896,"Glenside, Pa."
2897,"Littleton, N.H."
2898,"Clarkstown, Mich."
2899,"Elmwood, Ill."
2900,"Manchester, N.H."
2901,"Chelmsford, England"
2902,"St-Prex, Switzerland"
2903,"Clitheroe, England"
2904,"Asheville, N.C."
2905,"Indian Head Park, Ill."
2906,"Hampton Falls, N.H."
2907,"Miami Beach, Fla."
2908,"Carmel Valley, Calif."
2909,"South Yarra, Victoria, Australia"
2910,"Beaverton, Ore."
2911,"Middlebury, Vt."
2912,"Peachtree City, Ga."
2913,"Narbeth, Pa."
2914,"Chicago, IL."
2915,"Clovis, Calif."
2916,"Stevensville, Md."
2917,"Carmel, N.Y."
2918,"New Castle, Pa."
2919,"Montgomery, N.J."
2920,Ethiopia
2921,"Aspen, Colo."
2922,"Waterville, Maine"
2923,"Syracuse,NY."
2924,"Rancho Palos Verdes, Calif."
2925,"Southwest Ranches, Fla."
2926,"Las Vegas, Nevada"
2927,"Montevideo, Minn."
2928,"Acton, Calif."
2929,"Alameda, Calif."
2930,"Woodstock, Md."
2931,"Meadowbrook, Pa."
2932,"Watchung, N.J."
2933,"Oklahoma City, Okla."
2934,"Somerville, N.J."
2935,"Redlands, Calif."
2936,"Benardsville, N.J."
2937,"Virginia, Minn."
2938,"Saint Louis, Mo."
2939,"Racine, Wis."
2940,"Brunswick, Maine"
2941,"Andover, Mich."
2942,"Penfield, N.Y."
2943,"Pembroke, Bermuda"
2944,"Taunton, Mass."
2945,"Bullard, Texas"
2946,"Charlotte, Md."
2947,"Wrentham, Mass."
2948,"Rutherford, N.J."
2949,"Jessup, Md."
2950,"Harmony, Pa."
2951,"Clear Point, Ala."
2952,"Bristol, U.K."
2953,"Blandinsville, Ill."
2954,"Bridgeville, Pa."
2955,"Eden Praire, Minn."
2956,"Bryceville, Fla."
2957,"Rockport, Mass."
2958,"Verona, Wis."
2959,"Schaumburg, Ill."
2960,"Sandy Hook, Conn."
2961,"Forest Grove, Ore."
2962,"Stockton, Calif."
2963,"Northborough, Mass."
2964,"Lawrence, Mass."
2965,"Somerton, Ariz."
2966,"Newtonville, Mass."
2967,"St. Cathrines, Ontario"
2968,"Lodi, Calif."
2969,"Oconomowoe, Wis."
2970,"Randolph, Mass."
2971,"Fort Pierce, Fla."
2972,"Park Ridge, Ill."
2973,"Kericho, Kenya"
2974,"Edgecomb, Maine"
2975,"Lowell, Mass."
2976,"Westhampton, N.Y."
2977,"Boise, Idaho"
2978,"Rochester, Mich."
2979,"Niwot, Colo."
2980,"Lenoir, N.C."
2981,"Wilmington, Mass."
2982,"Weybridge, England"
2983,"Wenham, Mass."
2984,"Apache Jct., Ariz."
2985,"Aiea, Hawaii"
2986,"Cooper City, Fla."
2987,"Stuttgart, Germany"
2988,"Stanford, Calif."
2989,"Grimstad, Norway"
2990,"Decatur, Ga."
2991,"Santa Cruz, Calif."
2992,"Brighton, Mass."
2993,"New York City, N.Y."
2994,"Franklin, Wis."
2995,"Ambler, PA."
2996,"Corvallis, Ore."
2997,"Fresno, Calif."
2998,"Pancevo, Serbia"
2999,"Lake Placid, N.Y."
3000,"Sarajevo, Bosnia and Herzegovina"
3001,"Colombo, Sri Lanka"
3002,"Leesburg, Va."
3003,"Kfar Saba, Israel"
3004,"Des Moines, Iowa"
3005,"Merion Station, Pa."
3006,"Tucker, Ga."
3007,"Marysville, Calif."
3008,"Philidelphia, Penn."
3009,"Old Bethpage, N.Y."
3010,"Watkins Glen, N.Y."
3011,"Grafton, N.Y."
3012,"Corning, N.Y."
3013,"Cambridge, Ont."
3014,"Water Mill, N.Y."
3015,"Barrington, Ill."
3016,"Limerick, Pa."
3017,"Loveland, Ohio"
3018,"Highlands Ranch, Colo."
3019,Chicago Ill.
3020,"Peru, N.Y."
3021,"Shrewsbury, England"
3022,"Bremerton, Wash."
3023,"Wilmington, N.C."
3024,"Muscat, Oman"
3025,"Melbourne, Fla."
3026,"Marmul, Oman"
3027,"Stassfurt, Germany"
3028,"St. Cloud, Minn."
3029,"Golden Valley, Minn."
3030,"Kenner, La."
3031,"Versailles, Ky."
3032,"Manchester, Conn."
3033,"Miami Shores, Fla."
3034,"Roslyn Heights, N.Y."
3035,"Caribou, Maine"
3036,"West Hills, Calif."
3037,"Jenkintown, Pa."
3038,"Abington, Mass"
3039,"Hollister, Caif."
3040,"Avon Lake, Ohio"
3041,"Rochester, N.J."
3042,"Rakovnik, Czech Republic"
3043,"Catonsville, Md."
3044,"Draper, Utah"
3045,"Ft. Thomas, Ky."
3046,"Sunderland, Mass."
3047,"Mont-Joli, Que."
3048,"Leola, Pa."
3049,"Beverly Hills, Mich."
3050,"Telluride, Colo."
3051,"Florham Park, N.J."
3052,"Mosman, Australia"
3053,"W. Hempstead, N.Y."
3054,"Hampden, Maine"
3055,"Apex, N.C."
3056,"Willington, Fla."
3057,"Saint-Hyacinthe, Que."
3058,"Centerville, Mass."
3059,"Madison, Ala."
3060,"Berkeley, N.J."
3061,"Belvedere, Calif."
3062,"Budapest, Hungary"
3063,"Erie, Pa."
3064,"North Massapequa, N.Y."
3065,"Lyme, N.H."
3066,"Sardinia, Ohio"
3067,"Oak Ridge, Tenn."
3068,"Old Brookville, N.Y."
3069,"State College, Pa."
3070,"Circle, Mont."
3071,"Hunt Valley, MD"
3072,"Canton, Mass."
3073,"Macon, Ga."
3074,"Glendale, Mo."
3075,"Eagan, Minn."
3076,"Hidden Hills, Calif."
3077,"Maidstone, U.K."
3078,"Poughkeepsie, N.Y."
3079,"Ocean Springs, Miss."
3080,"Sai Kung, Hong Kong"
3081,"Huron, S.D."
3082,"Laramie, Wyo."
3083,"Broad Run, Va."
3084,"Church Point, Australia"
3085,"Glover,VT."
3086,"LaGrange, Ill."
3087,"Manly, Australia"
3088,"Webster, Texas"
3089,"Richmond, Ky."
3090,"Oxford, England"
3091,"South Boston, Mass."
3092,"Grafton, Mass."
3093,"Ebmatingen, Switzerland"
3094,"Dexter, Mich."
3095,"Sioux Falls, S.D."
3096,"Pottsville, Pa."
3097,"Ohaupo, New Zealand"
3098,"Rockford, Mich."
3099,"Essex Falls, N.J."
3100,"Wantage, N.J."
3101,"Cario, Egypt"
3102,"Fresh Medows, N.Y."
3103,"Phoenixville, Pa."
3104,"St. Charles, Mo."
3105,"Boston, Mass"
3106,"Rumford, R.I."
3107,"Englewood, N.J."
3108,"Balmain East, Australia"
3109,"Montville, N.J."
3110,"Williamstown, Mass."
3111,"Springfield, Ill."
3112,"West Hartford, Conn."
3113,"Newport Coast, Calif."
3114,"La Mesa, Calif."
3115,"Wichita, Kan."
3116,"Westland, Mich."
3117,"Muttontown, N.Y."
3118,"Ashby, Mass."
3119,"Endicott, N.Y."
3120,"Lynwood, WA."
3121,"Norridgewock, Maine"
3122,"Forest, Va."
3123,"Cheltenham, England"
3124,"St. Paul,MN."
3125,"Somerset, N.J."
3126,"Sausalito, Calif."
3127,"Brantford, ON, Canada"
3128,"Thane, India"
3129,"Hickory, N.C."
3130,"Sugar Hill, Ga."
3131,"Portsmouth, N.H."
3132,"Ellicott City, Md"
3133,"Liverpool, UK"
3134,"Merritt Island, Fla."
3135,"Chagrin Falls, Ohio"
3136,"River Forest, Ill."
3137,"Montfort l'Amaury, France"
3138,"Medina, Wash."
3139,"Prince George, British Columbia"
3140,"East Lindfield, New South Wales, Australia"
3141,"Alexandria, Egypt"
3142,"Deerfield Beach, Fla."
3143,"Farmers Branch, Texas"
3144,"Tappan, N.Y."
3145,"Jackson, N.J."
3146,"West Grove,PA."
3147,"New City, N.Y."
3148,"Ranchos Palos Verdes, Calif."
3149,"Seal Beach, Calif."
3150,"Westbury, N.Y."
3151,"Ogden, Utah"
3152,"Lenexa, Kan."
3153,"East Setauket, N.Y."
3154,"Sturbridge, Mass."
3155,"Peterborough, Ontario"
3156,"White Rock, British Columbia, Canada"
3157,"Willoughby, Australia"
3158,"Shelburne, Vt."
3159,"Frankfurt, Germany"
3160,"Frederick, Md."
3161,"Coral, Gables, Fla."
3162,"Victoria, BC, Canada"
3163,"Traburo Canyon, Calif."
3164,"Manheim, Pa."
3165,"Brussels, Belgium"
3166,"North Palm Beach, Fla."
3167,"Amsterdam, The Netherlands"
3168,"Amherst, Wisc."
3169,"Orillia, Ontario"
3170,"Redding, Conn."
3171,"New Fairfield, Conn."
3172,"Oak Lawn, Ill."
3173,"Verona, N.J."
3174,"Humble, Texas"
3175,"Toledo, Ohio"
3176,"Theif River Falls, Minn."
3177,"LaMesa, Calif."
3178,"Eugene, Oreg."
3179,"Yaounde, Cameroon"
3180,"Roundhill, Va."
3181,"Brockville, Ont."
3182,"Kuala Lumpur, Malaysia"
3183,"Balgowlah Heights, Australia"
3184,"Scotland, U.K."
3185,"Potomac,MD."
3186,"Southwick, Mass."
3187,"Port Jervis, N.Y."
3188,"Dyer, Ind."
3189,"Curitiba, Brazil"
3190,"Karachi, Pakistan"
3191,"Longmeadow,Mass."
3192,"Castle Rock, Colo."
3193,"Spanish Fort, Ala."
3194,"Prestbury, England"
3195,"Boiling Springs, S.C."
3196,"Clyde, Texas"
3197,"Bend, Ore."
3198,"Verona, Wisc."
3199,"Windsor, Conn."
3200,"Magnolia, Texas"
3201,"Southbury, Conn."
3202,"Londonderry, NH."
3203,"Bradford, Vt."
3204,"Altadena, Calif."
3205,"Centerville, Utah"
3206,"North York, ON, Canada"
3207,"Whitefish Bay, Wis."
3208,"Miller Place, N.Y."
3209,"Nercwys, Wales"
3210,"Moseley, Va."
3211,"Jeanette, Pa."
3212,"Gloucestershire, U.K."
3213,"Old Tappan, N.J."
3214,"Bluffton, Ind."
3215,"Ijamsville, Md."
3216,"Ann Anbor, Mich."
3217,"Upland, Conn."
3218,"Metheun, Mass."
3219,"Galloway, N.J."
3220,"Monrovia, Calif."
3221,"Linwood, N.J."
3222,"Hampton, N.J."
3223,"Warwick, R.I."
3224,"Briarcliff, N.Y."
3225,"Chester, Md."
3226,"Castleton, N.Y."
3227,"Arapahoe, N.C."
3228,"Pateros, Wash."
3229,"Broad Channel, Ny."
3230,"Middletown, Del."
3231,"Roanoke, Va."
3232,"Houston, texas"
3233,"Fargo, N.D."
3234,"Springfield, Mo."
3235,"Nazareth, Pa."
3236,"Ancaster, Ont."
3237,"Old Field, N.Y."
3238,"Gladwyne, Penn."
3239,"Bhopal, India"
3240,"St. Louis Park, Minn."
3241,"Varna, Bulgaria"
3242,"Burnaby, B.C."
3243,"Eden Hills, Australia"
3244,"Bedford, N.Y."
3245,"Tiverton, England"
3246,"Greenlawn, N.Y."
3247,"Burwood, Australia"
3248,"Coquitlam, British Columbia"
3249,"Alberton, South Africa"
3250,"Evergreen Park, Ill."
3251,"Ferndale, Mich."
3252,"Berwyn, Ill."
3253,"Dunedin, Fla."
3254,"Tiburon, Calif."
3255,"Devon, U.K."
3256,"Los Gatos, Calif"
3257,"South Yarra, Australia"
3258,"Balitmore, Md."
3259,"Mill Neck, N.Y."
3260,"Attleboro, Mass."
3261,"Evansville, Ind."
3262,"Clinton, Tenn."
3263,"Cataumet, Mass."
3264,"Lima, Ohio"
3265,"Ashland, Ohio"
3266,"Monkton, Md."
3267,"Douala, Cameroon"
3268,"Hales Corners, Wis."
3269,"Shamong, N.J."
3270,"Mechanicsberg, Pa."
3271,"Corona, Calif."
3272,"Hornchurch, U.K."
3273,"Okotoks, Alta."
